image_path,tier,tier_score,normalized_dept,anchor_group,university,work_type,post_no
data/crawled/raw_images/301_0.jpeg,S,98,design_general,서울대_design_general,서울대,재현작,301
data/crawled/raw_images/2479_0.jpg,A,80.7,visual_design,중앙대_visual_design,중앙대,재현작,2479
data/crawled/raw_images/3624_0.jpg,B,65.5,design_general,한성대_design_general,한성대,재현작,3624
data/crawled/raw_images/2430_0.jpg,B,55.7,animation,청강대_animation,청강대,평소작,2430
data/crawled/raw_images/1701_0.jpg,C,49.4,industrial_design,서경대_industrial_design,서경대,평소작,1701
data/crawled/raw_images/2221_0.jpg,B,62.2,craft,동덕여대_craft,동덕여대,평소작,2221
data/crawled/raw_images/3849_0.jpeg,A,78.1,fine_art,성신여대_fine_art,성신여대,평소작,3849
data/crawled/raw_images/2763_0.jpg,B,53.4,visual_design,단국대_visual_design,단국대,평소작,2763
data/crawled/raw_images/3169_0.jpg,B,48.1,visual_design,숙명여대_visual_design,숙명여대,재현작,3169
data/crawled/raw_images/523_0.jpg,A,66.2,visual_design,국민대_visual_design,국민대,재현작,523
data/crawled/raw_images/1543_0.jpg,C,47.8,industrial_design,서경대_industrial_design,서경대,재현작,1543
data/crawled/raw_images/574_0.jpg,A,72.0,fine_art,이화여대_fine_art,이화여대,재현작,574
data/crawled/raw_images/328_0.png,A,76.5,fine_art,이화여대_fine_art,이화여대,재현작,328
data/crawled/raw_images/3321_0.jpeg,A,80.2,fine_art,중앙대_fine_art,중앙대,평소작,3321
data/crawled/raw_images/1820_0.jpg,B,51.5,animation,청강대_animation,청강대,평소작,1820
data/crawled/raw_images/866_0.jpg,C,32.3,design_general,인천가톨릭대_design_general,인천가톨릭대,평소작,866
data/crawled/raw_images/1005_0.jpg,B,67.0,visual_design,동덕여대_visual_design,동덕여대,재현작,1005
data/crawled/raw_images/215_0.png,A,72.1,industrial_design,중앙대_industrial_design,중앙대,재현작,215
data/crawled/raw_images/2812_0.jpg,B,56.6,animation,청강대_animation,청강대,평소작,2812
data/crawled/raw_images/482_0.jpg,A,77.1,fine_art,이화여대_fine_art,이화여대,평소작,482
data/crawled/raw_images/1454_0.jpg,B,55.1,visual_design,단국대_visual_design,단국대,재현작,1454
data/crawled/raw_images/1135_0.jpg,B,59.3,fashion,건국대_fashion,건국대,평소작,1135
data/crawled/raw_images/2501_0.jpg,B,66.8,design_general,덕성여대_design_general,덕성여대,재현작,2501
data/crawled/raw_images/2599_0.jpg,C,44.5,design_general,백석대_design_general,백석대,재현작,2599
data/crawled/raw_images/680_0.jpg,B,55.0,fine_art,성균관대_fine_art,성균관대,평소작,680
data/crawled/raw_images/2897_0.jpg,B,67.5,industrial_design,가천대_industrial_design,가천대,재현작,2897
data/crawled/raw_images/3338_0.jpeg,C,45.0,design_general,백석대_design_general,백석대,평소작,3338
data/crawled/raw_images/3094_0.jpg,B,58.0,craft,서울여대_craft,서울여대,재현작,3094
data/crawled/raw_images/3288_0.jpg,B,52.2,craft,서울과기대_craft,서울과기대,재현작,3288
data/crawled/raw_images/518_0.jpg,B,55.8,visual_design,동덕여대_visual_design,동덕여대,평소작,518
data/crawled/raw_images/2457_0.jpg,A,79.9,interior,건국대_interior,건국대,재현작,2457
data/crawled/raw_images/2413_0.jpg,A,72.2,design_general,홍익대_design_general,홍익대,평소작,2413
data/crawled/raw_images/1709_0.jpg,C,47.5,design_general,수원대_design_general,수원대,재현작,1709
data/crawled/raw_images/2343_0.jpg,B,57.8,design_general,상명대_design_general,상명대,재현작,2343
data/crawled/raw_images/3393_0.jpeg,A,79.3,fine_art,성신여대_fine_art,성신여대,평소작,3393
data/crawled/raw_images/3885_0.jpg,B,54.8,animation,청강대_animation,청강대,재현작,3885
data/crawled/raw_images/2517_0.jpg,B,55.0,visual_design,숙명여대_visual_design,숙명여대,평소작,2517
data/crawled/raw_images/2150_0.jpg,A,72.3,visual_design,한양대_visual_design,한양대,재현작,2150
data/crawled/raw_images/1181_0.jpg,B,55.0,industrial_design,서울여대_industrial_design,서울여대,재현작,1181
data/crawled/raw_images/555_0.jpg,B,67.8,visual_design,서울여대_visual_design,서울여대,평소작,555
data/crawled/raw_images/1818_0.jpg,A,82.9,visual_design,경희대_visual_design,경희대,재현작,1818
data/crawled/raw_images/3691_0.png,B,55.7,fashion,건국대_fashion,건국대,재현작,3691
data/crawled/raw_images/533_0.jpg,C,44.1,visual_design,서경대_visual_design,서경대,재현작,533
data/crawled/raw_images/2165_0.jpg,A,65.6,visual_design,국민대_visual_design,국민대,재현작,2165
data/crawled/raw_images/2057_0.jpg,B,52.7,fashion,동덕여대_fashion,동덕여대,재현작,2057
data/crawled/raw_images/1264_0.jpg,B,63.3,industrial_design,상명대_industrial_design,상명대,재현작,1264
data/crawled/raw_images/3259_0.jpg,C,45.1,design_general,수원대_design_general,수원대,재현작,3259
data/crawled/raw_images/3359_0.jpeg,A,81.8,fine_art,경희대_fine_art,경희대,재현작,3359
data/crawled/raw_images/3850_0.jpg,A,79.2,fine_art,중앙대_fine_art,중앙대,평소작,3850
data/crawled/raw_images/999_0.jpg,A,74.0,industrial_design,건국대_industrial_design,건국대,재현작,999
data/crawled/raw_images/1280_0.jpg,A,71.7,visual_design,건국대_visual_design,건국대,재현작,1280
data/crawled/raw_images/1379_0.jpg,A,69.8,visual_design,성균관대_visual_design,성균관대,평소작,1379
data/crawled/raw_images/1277_0.jpeg,B,48.6,sculpture,서울시립대_sculpture,서울시립대,평소작,1277
data/crawled/raw_images/1076_0.jpg,B,48.1,fine_art,성균관대_fine_art,성균관대,재현작,1076
data/crawled/raw_images/666_0.jpg,A,72.0,design_general,고려대_design_general,고려대,재현작,666
data/crawled/raw_images/3348_0.jpg,C,32.6,design_general,인천가톨릭대_design_general,인천가톨릭대,평소작,3348
data/crawled/raw_images/2619_0.jpg,C,44.1,design_general,삼육대_design_general,삼육대,재현작,2619
data/crawled/raw_images/1184_0.jpg,B,56.9,craft,서울과기대_craft,서울과기대,재현작,1184
data/crawled/raw_images/1175_0.jpg,A,84.0,fine_art,경희대_fine_art,경희대,평소작,1175
data/crawled/raw_images/2772_0.jpg,B,61.5,design_general,덕성여대_design_general,덕성여대,재현작,2772
data/crawled/raw_images/3830_0.jpg,S,87.2,fine_art,서울대_fine_art,서울대,평소작,3830
data/crawled/raw_images/1918_0.jpg,B,49.6,sculpture,서울시립대_sculpture,서울시립대,unknown,1918
data/crawled/raw_images/988_0.jpg,B,55.0,fine_art,성균관대_fine_art,성균관대,평소작,988
data/crawled/raw_images/3541_0.jpg,B,51.8,visual_design,명지대_visual_design,명지대,평소작,3541
data/crawled/raw_images/3571_0.jpg,A,72.5,visual_design,경희대_visual_design,경희대,재현작,3571
data/crawled/raw_images/748_0.jpg,A,76.2,fine_art,이화여대_fine_art,이화여대,재현작,748
data/crawled/raw_images/2823_0.png,B,52.6,design_general,상명대_design_general,상명대,재현작,2823
data/crawled/raw_images/1892_0.jpg,B,60.4,design_general,한성대_design_general,한성대,평소작,1892
data/crawled/raw_images/1193_0.jpg,B,66.3,industrial_design,가천대_industrial_design,가천대,재현작,1193
data/crawled/raw_images/1000_0.jpg,C,40.4,design_general,백석대_design_general,백석대,재현작,1000
data/crawled/raw_images/2872_0.jpg,B,61.4,craft,단국대_craft,단국대,재현작,2872
data/crawled/raw_images/514_0.jpeg,B,67.1,visual_design,동덕여대_visual_design,동덕여대,재현작,514
data/crawled/raw_images/886_0.jpeg,B,67.1,design_general,덕성여대_design_general,덕성여대,재현작,886
data/crawled/raw_images/971_0.jpg,A,68.7,sculpture,국민대_sculpture,국민대,평소작,971
data/crawled/raw_images/1647_0.jpg,B,55.9,design_general,상명대_design_general,상명대,재현작,1647
data/crawled/raw_images/3676_0.jpeg,B,64.5,fine_art,단국대_fine_art,단국대,unknown,3676
data/crawled/raw_images/3905_0.jpg,B,65.2,industrial_design,상명대_industrial_design,상명대,평소작,3905
data/crawled/raw_images/3069_0.png,S,89.8,design_general,서울대_design_general,서울대,재현작,3069
data/crawled/raw_images/2269_0.jpg,B,67.4,design_general,덕성여대_design_general,덕성여대,재현작,2269
data/crawled/raw_images/2429_0.jpg,A,81.5,visual_design,건국대_visual_design,건국대,평소작,2429
data/crawled/raw_images/3911_0.jpg,B,60.8,fine_art,건국대_fine_art,건국대,재현작,3911
data/crawled/raw_images/3358_0.jpeg,A,80.2,fine_art,중앙대_fine_art,중앙대,평소작,3358
data/crawled/raw_images/1916_0.jpg,A,73.3,visual_design,한양대_visual_design,한양대,unknown,1916
data/crawled/raw_images/1890_0.jpg,B,63.6,industrial_design,가천대_industrial_design,가천대,평소작,1890
data/crawled/raw_images/1236_0.jpg,A,72.0,visual_design,경희대_visual_design,경희대,재현작,1236
data/crawled/raw_images/3674_0.jpg,A,73.9,fine_art,동국대_fine_art,동국대,unknown,3674
data/crawled/raw_images/3458_0.jpg,B,65.5,design_general,한성대_design_general,한성대,재현작,3458
data/crawled/raw_images/1318_0.jpg,B,48.6,sculpture,서울시립대_sculpture,서울시립대,평소작,1318
data/crawled/raw_images/2964_0.jpg,B,63.8,interior,동덕여대_interior,동덕여대,재현작,2964
data/crawled/raw_images/275_0.jpg,B,50.7,industrial_design,성신여대_industrial_design,성신여대,재현작,275
data/crawled/raw_images/2105_0.jpg,B,55.4,craft,서울여대_craft,서울여대,재현작,2105
data/crawled/raw_images/1856_0.jpg,A,67.4,visual_design,중앙대_visual_design,중앙대,재현작,1856
data/crawled/raw_images/3399_0.jpg,B,65.5,design_general,한성대_design_general,한성대,재현작,3399
data/crawled/raw_images/624_0.png,A,66.6,visual_design,성균관대_visual_design,성균관대,재현작,624
data/crawled/raw_images/2448_0.jpg,B,50.6,animation,청강대_animation,청강대,unknown,2448
data/crawled/raw_images/3153_0.jpg,B,52.0,design_general,상명대_design_general,상명대,재현작,3153
data/crawled/raw_images/369_0.jpg,S,90.0,design_general,서울대_design_general,서울대,평소작,369
data/crawled/raw_images/497_0.jpg,A,83.0,visual_design,경희대_visual_design,경희대,재현작,497
data/crawled/raw_images/2784_0.jpg,C,34.7,design_general,인천가톨릭대_design_general,인천가톨릭대,평소작,2784
data/crawled/raw_images/214_0.png,S,83.0,industrial_design,국민대_industrial_design,국민대,재현작,214
data/crawled/raw_images/2941_0.jpg,B,66.0,visual_design,동덕여대_visual_design,동덕여대,재현작,2941
data/crawled/raw_images/526_0.jpg,B,62.8,fashion,동덕여대_fashion,동덕여대,재현작,526
data/crawled/raw_images/283_0.jpg,B,57.2,visual_design,동덕여대_visual_design,동덕여대,재현작,283
data/crawled/raw_images/2248_0.jpg,B,49.5,sculpture,서울시립대_sculpture,서울시립대,평소작,2248
data/crawled/raw_images/2579_0.jpg,B,67.0,visual_design,동덕여대_visual_design,동덕여대,재현작,2579
data/crawled/raw_images/2397_0.jpg,S,96.5,design_general,서울대_design_general,서울대,평소작,2397
data/crawled/raw_images/2053_0.jpg,B,50.6,interior,숙명여대_interior,숙명여대,재현작,2053
data/crawled/raw_images/2140_0.jpg,B,53.6,craft,단국대_craft,단국대,재현작,2140
data/crawled/raw_images/2288_0.jpg,A,83.9,fine_art,경희대_fine_art,경희대,재현작,2288
data/crawled/raw_images/2610_0.jpg,A,65.4,fashion,국민대_fashion,국민대,재현작,2610
data/crawled/raw_images/227_0.png,A,77.1,fine_art,중앙대_fine_art,중앙대,평소작,227
data/crawled/raw_images/720_0.jpg,B,63.0,industrial_design,상명대_industrial_design,상명대,평소작,720
data/crawled/raw_images/1284_0.jpg,B,48.6,sculpture,서울시립대_sculpture,서울시립대,평소작,1284
data/crawled/raw_images/3147_0.jpg,B,64.0,fashion,인하대_fashion,인하대,재현작,3147
data/crawled/raw_images/251_0.png,A,77.9,fine_art,이화여대_fine_art,이화여대,평소작,251
data/crawled/raw_images/3237_0.png,S,88.8,fine_art,서울대_fine_art,서울대,unknown,3237
data/crawled/raw_images/2148_0.jpg,A,71.6,craft,중앙대_craft,중앙대,재현작,2148
data/crawled/raw_images/2548_0.png,A,69.4,fine_art,이화여대_fine_art,이화여대,재현작,2548
data/crawled/raw_images/1281_0.jpg,B,62.3,craft,단국대_craft,단국대,재현작,1281
data/crawled/raw_images/1235_0.jpg,B,66.2,visual_design,명지대_visual_design,명지대,재현작,1235
data/crawled/raw_images/210_0.png,S,83.0,industrial_design,국민대_industrial_design,국민대,재현작,210
data/crawled/raw_images/1377_0.jpg,S,85.3,industrial_design,국민대_industrial_design,국민대,재현작,1377
data/crawled/raw_images/1849_0.jpg,C,38.5,visual_design,남서울대_visual_design,남서울대,재현작,1849
data/crawled/raw_images/2349_0.jpg,B,61.1,design_general,경기대_design_general,경기대,재현작,2349
data/crawled/raw_images/2271_0.jpg,B,57.5,visual_design,서울시립대_visual_design,서울시립대,재현작,2271
data/crawled/raw_images/1352_0.jpg,A,68.7,fine_art,동국대_fine_art,동국대,unknown,1352
data/crawled/raw_images/1014_0.jpg,A,75.8,fine_art,동국대_fine_art,동국대,평소작,1014
data/crawled/raw_images/1740_0.jpg,B,57.9,fine_art,단국대_fine_art,단국대,평소작,1740
data/crawled/raw_images/1666_0.jpg,B,60.2,animation,청강대_animation,청강대,평소작,1666
data/crawled/raw_images/196_0.png,B,67.9,craft,서울여대_craft,서울여대,평소작,196
data/crawled/raw_images/1667_0.jpg,B,66.9,craft,서울여대_craft,서울여대,재현작,1667
data/crawled/raw_images/1102_0.jpg,A,84.0,fine_art,경희대_fine_art,경희대,평소작,1102
data/crawled/raw_images/1409_0.jpg,B,55.0,craft,서울여대_craft,서울여대,평소작,1409
data/crawled/raw_images/3172_0.jpg,B,57.4,design_general,인하대_design_general,인하대,재현작,3172
data/crawled/raw_images/2371_0.jpg,A,83.7,visual_design,경희대_visual_design,경희대,재현작,2371
data/crawled/raw_images/1496_0.jpg,C,35.2,industrial_design,협성대_industrial_design,협성대,평소작,1496
data/crawled/raw_images/461_0.jpg,C,38.6,design_general,인천대_design_general,인천대,재현작,461
data/crawled/raw_images/1725_0.jpg,A,82.0,craft,중앙대_craft,중앙대,재현작,1725
data/crawled/raw_images/1690_0.jpg,B,65.8,visual_design,명지대_visual_design,명지대,재현작,1690
data/crawled/raw_images/1155_0.jpg,B,55.2,animation,청강대_animation,청강대,평소작,1155
data/crawled/raw_images/667_0.jpg,A,72.0,design_general,연세대_design_general,연세대,평소작,667
data/crawled/raw_images/3436_0.jpg,A,82.1,design_general,한양대_design_general,한양대,재현작,3436
data/crawled/raw_images/3398_0.jpg,B,67.9,visual_design,서울여대_visual_design,서울여대,재현작,3398
data/crawled/raw_images/2790_0.jpg,B,51.6,craft,서울과기대_craft,서울과기대,재현작,2790
data/crawled/raw_images/1793_0.jpg,C,47.5,design_general,수원대_design_general,수원대,평소작,1793
data/crawled/raw_images/3795_0.jpg,B,63.2,visual_design,가천대_visual_design,가천대,재현작,3795
data/crawled/raw_images/2638_0.jpg,B,55.6,craft,단국대_craft,단국대,재현작,2638
data/crawled/raw_images/981_0.jpg,B,51.3,fashion,동덕여대_fashion,동덕여대,재현작,981
data/crawled/raw_images/1373_0.jpg,B,59.9,design_general,한성대_design_general,한성대,재현작,1373
data/crawled/raw_images/3798_0.jpg,A,72.0,design_general,연세대_design_general,연세대,재현작,3798
data/crawled/raw_images/641_0.jpg,A,67.0,fine_art,경희대_fine_art,경희대,평소작,641
data/crawled/raw_images/983_0.jpg,B,55.5,design_general,덕성여대_design_general,덕성여대,재현작,983
data/crawled/raw_images/1578_0.jpg,A,69.7,fashion,경희대_fashion,경희대,재현작,1578
data/crawled/raw_images/2021_0.jpg,S,90.0,fine_art,서울대_fine_art,서울대,평소작,2021
data/crawled/raw_images/3191_0.jpeg,B,49.8,visual_design,명지대_visual_design,명지대,재현작,3191
data/crawled/raw_images/2636_0.jpg,A,67.0,design_general,홍익대_design_general,홍익대,평소작,2636
data/crawled/raw_images/1151_0.jpg,A,80.4,industrial_design,건국대_industrial_design,건국대,평소작,1151
data/crawled/raw_images/2160_0.jpg,A,75.9,industrial_design,건국대_industrial_design,건국대,재현작,2160
data/crawled/raw_images/1518_0.jpg,A,66.8,design_general,연세대_design_general,연세대,재현작,1518
data/crawled/raw_images/2277_0.jpg,B,65.0,fashion,인하대_fashion,인하대,재현작,2277
data/crawled/raw_images/1326_0.jpg,B,63.3,industrial_design,상명대_industrial_design,상명대,평소작,1326
data/crawled/raw_images/1103_0.jpeg,B,60.5,design_general,한성대_design_general,한성대,재현작,1103
data/crawled/raw_images/3024_0.jpg,B,65.7,design_general,한성대_design_general,한성대,재현작,3024
data/crawled/raw_images/1655_0.jpg,B,55.7,fine_art,건국대_fine_art,건국대,평소작,1655
data/crawled/raw_images/1943_0.jpg,B,55.0,visual_design,단국대_visual_design,단국대,재현작,1943
data/crawled/raw_images/3935_0.jpg,A,81.0,industrial_design,건국대_industrial_design,건국대,평소작,3935
data/crawled/raw_images/2106_0.jpg,B,48.7,fine_art,성균관대_fine_art,성균관대,평소작,2106
data/crawled/raw_images/1625_0.jpg,B,54.8,fine_art,가천대_fine_art,가천대,재현작,1625
data/crawled/raw_images/508_0.jpg,C,48.6,industrial_design,서경대_industrial_design,서경대,평소작,508
data/crawled/raw_images/2193_0.jpg,A,72.0,fine_art,중앙대_fine_art,중앙대,평소작,2193
data/crawled/raw_images/2439_0.jpg,B,65.6,design_general,인하대_design_general,인하대,재현작,2439
data/crawled/raw_images/3095_0.jpg,B,49.2,industrial_design,서울과기대_industrial_design,서울과기대,재현작,3095
data/crawled/raw_images/1551_0.jpg,C,49.2,design_general,삼육대_design_general,삼육대,재현작,1551
data/crawled/raw_images/895_0.jpeg,B,49.3,sculpture,서울시립대_sculpture,서울시립대,평소작,895
data/crawled/raw_images/2532_0.jpg,B,61.7,industrial_design,상명대_industrial_design,상명대,재현작,2532
data/crawled/raw_images/414_0.jpg,A,77.1,fine_art,이화여대_fine_art,이화여대,재현작,414
data/crawled/raw_images/2196_0.jpg,B,58.0,craft,동덕여대_craft,동덕여대,평소작,2196
data/crawled/raw_images/3347_0.jpg,C,32.6,design_general,인천가톨릭대_design_general,인천가톨릭대,평소작,3347
data/crawled/raw_images/2082_0.jpg,A,72.0,fine_art,경희대_fine_art,경희대,평소작,2082
data/crawled/raw_images/249_0.png,A,77.4,visual_design,경희대_visual_design,경희대,재현작,249
data/crawled/raw_images/3428_0.png,B,65.5,design_general,한성대_design_general,한성대,재현작,3428
data/crawled/raw_images/945_0.png,B,49.3,sculpture,서울시립대_sculpture,서울시립대,재현작,945
data/crawled/raw_images/764_0.jpg,A,77.3,fine_art,성신여대_fine_art,성신여대,평소작,764
data/crawled/raw_images/2363_0.jpg,B,64.4,design_general,한성대_design_general,한성대,재현작,2363
data/crawled/raw_images/2713_0.jpg,A,81.0,industrial_design,건국대_industrial_design,건국대,재현작,2713
data/crawled/raw_images/1243_0.jpg,B,59.6,design_general,상명대_design_general,상명대,재현작,1243
data/crawled/raw_images/477_0.jpg,B,59.3,craft,단국대_craft,단국대,재현작,477
data/crawled/raw_images/3600_0.jpg,A,67.6,visual_design,서울과기대_visual_design,서울과기대,재현작,3600
data/crawled/raw_images/1595_0.jpg,A,84.0,fine_art,경희대_fine_art,경희대,평소작,1595
data/crawled/raw_images/3405_0.jpeg,A,80.2,fine_art,중앙대_fine_art,중앙대,평소작,3405
data/crawled/raw_images/1132_0.jpg,B,60.5,design_general,상명대_design_general,상명대,평소작,1132
data/crawled/raw_images/3704_0.jpg,B,50.1,industrial_design,서울과기대_industrial_design,서울과기대,재현작,3704
data/crawled/raw_images/2966_0.jpg,B,58.5,design_general,상명대_design_general,상명대,재현작,2966
data/crawled/raw_images/2934_0.jpg,A,82.4,visual_design,건국대_visual_design,건국대,unknown,2934
data/crawled/raw_images/1748_0.jpg,B,62.9,industrial_design,상명대_industrial_design,상명대,재현작,1748
data/crawled/raw_images/932_0.jpg,B,49.3,sculpture,서울시립대_sculpture,서울시립대,평소작,932
data/crawled/raw_images/691_0.jpg,B,56.8,animation,청강대_animation,청강대,평소작,691
data/crawled/raw_images/818_0.jpg,S,90.0,fine_art,서울대_fine_art,서울대,평소작,818
data/crawled/raw_images/3723_0.jpg,A,77.4,visual_design,건국대_visual_design,건국대,재현작,3723
data/crawled/raw_images/3664_0.jpg,B,53.8,design_general,상명대_design_general,상명대,재현작,3664
data/crawled/raw_images/3589_0.jpg,B,51.8,design_general,인하대_design_general,인하대,평소작,3589
data/crawled/raw_images/2874_0.jpg,B,65.7,design_general,한성대_design_general,한성대,재현작,2874
data/crawled/raw_images/808_0.jpg,B,64.5,visual_design,서울시립대_visual_design,서울시립대,평소작,808
data/crawled/raw_images/2129_0.jpg,B,60.4,design_general,한성대_design_general,한성대,재현작,2129
data/crawled/raw_images/2633_0.jpg,B,53.3,industrial_design,단국대_industrial_design,단국대,재현작,2633
data/crawled/raw_images/2249_0.jpg,A,75.5,fine_art,동국대_fine_art,동국대,평소작,2249
data/crawled/raw_images/3006_0.jpg,A,82.2,craft,성신여대_craft,성신여대,재현작,3006
data/crawled/raw_images/1574_0.jpg,A,71.7,visual_design,건국대_visual_design,건국대,재현작,1574
data/crawled/raw_images/2252_0.jpg,A,70.3,sculpture,국민대_sculpture,국민대,평소작,2252
data/crawled/raw_images/793_0.jpeg,B,65.8,industrial_design,가천대_industrial_design,가천대,재현작,793
data/crawled/raw_images/859_0.jpg,B,56.8,animation,청강대_animation,청강대,평소작,859
data/crawled/raw_images/3900_0.jpg,B,54.8,animation,청강대_animation,청강대,재현작,3900
data/crawled/raw_images/2360_0.jpg,B,66.6,interior,동덕여대_interior,동덕여대,평소작,2360
data/crawled/raw_images/3898_0.png,B,50.1,animation,청강대_animation,청강대,재현작,3898
data/crawled/raw_images/1121_0.jpg,B,56.9,craft,서울과기대_craft,서울과기대,평소작,1121
data/crawled/raw_images/1164_0.jpg,A,77.6,fine_art,성신여대_fine_art,성신여대,평소작,1164
data/crawled/raw_images/3766_0.jpg,B,66.9,design_general,덕성여대_design_general,덕성여대,재현작,3766
data/crawled/raw_images/2025_0.jpg,B,58.0,craft,동덕여대_craft,동덕여대,재현작,2025
data/crawled/raw_images/2682_0.jpg,A,73.5,craft,중앙대_craft,중앙대,재현작,2682
data/crawled/raw_images/3192_0.jpeg,B,52.0,visual_design,단국대_visual_design,단국대,재현작,3192
data/crawled/raw_images/1679_0.jpg,C,34.7,visual_design,용인대_visual_design,용인대,평소작,1679
data/crawled/raw_images/770_0.jpeg,B,61.4,fashion,인하대_fashion,인하대,재현작,770
data/crawled/raw_images/3175_0.jpg,C,45.4,design_general,수원대_design_general,수원대,재현작,3175
data/crawled/raw_images/1869_0.jpg,B,63.4,design_general,경기대_design_general,경기대,평소작,1869
data/crawled/raw_images/1414_0.jpg,B,64.0,fashion,인하대_fashion,인하대,재현작,1414
data/crawled/raw_images/3243_0.png,S,88.8,fine_art,서울대_fine_art,서울대,평소작,3243
data/crawled/raw_images/2676_0.jpg,A,72.9,fine_art,동국대_fine_art,동국대,평소작,2676
data/crawled/raw_images/2913_0.jpg,A,76.6,fine_art,성신여대_fine_art,성신여대,평소작,2913
data/crawled/raw_images/2359_0.jpg,C,49.8,visual_design,서경대_visual_design,서경대,평소작,2359
data/crawled/raw_images/611_0.jpg,B,48.8,craft,서울과기대_craft,서울과기대,평소작,611
data/crawled/raw_images/1203_0.jpg,B,60.9,craft,단국대_craft,단국대,재현작,1203
data/crawled/raw_images/2716_0.jpg,B,49.2,sculpture,서울시립대_sculpture,서울시립대,평소작,2716
data/crawled/raw_images/3364_0.jpeg,B,65.6,design_general,인하대_design_general,인하대,재현작,3364
data/crawled/raw_images/3846_0.jpeg,B,59.5,craft,단국대_craft,단국대,unknown,3846
data/crawled/raw_images/1017_0.jpg,A,74.0,industrial_design,건국대_industrial_design,건국대,재현작,1017
data/crawled/raw_images/2004_0.jpg,C,47.6,design_general,수원대_design_general,수원대,평소작,2004
data/crawled/raw_images/2412_0.jpg,A,79.9,interior,건국대_interior,건국대,재현작,2412
data/crawled/raw_images/1637_0.jpg,A,83.1,visual_design,경희대_visual_design,경희대,재현작,1637
data/crawled/raw_images/3037_0.png,B,64.0,visual_design,단국대_visual_design,단국대,재현작,3037
data/crawled/raw_images/1620_0.jpg,B,62.0,industrial_design,서울과기대_industrial_design,서울과기대,평소작,1620
data/crawled/raw_images/1565_0.jpg,B,55.0,visual_design,가천대_visual_design,가천대,재현작,1565
data/crawled/raw_images/2256_0.jpg,A,76.5,fine_art,중앙대_fine_art,중앙대,평소작,2256
data/crawled/raw_images/1815_0.jpg,B,61.9,craft,단국대_craft,단국대,재현작,1815
data/crawled/raw_images/3241_0.png,S,88.8,fine_art,서울대_fine_art,서울대,재현작,3241
data/crawled/raw_images/200_0.png,B,67.8,visual_design,단국대_visual_design,단국대,재현작,200
data/crawled/raw_images/3756_0.jpg,B,55.0,design_general,한성대_design_general,한성대,재현작,3756
data/crawled/raw_images/463_0.jpg,A,78.1,fine_art,중앙대_fine_art,중앙대,평소작,463
data/crawled/raw_images/839_0.jpg,B,63.6,design_general,한성대_design_general,한성대,재현작,839
data/crawled/raw_images/2901_0.jpg,B,63.8,interior,동덕여대_interior,동덕여대,재현작,2901
data/crawled/raw_images/3038_0.png,A,68.3,design_general,홍익대_design_general,홍익대,재현작,3038
data/crawled/raw_images/1413_0.jpg,B,55.0,visual_design,가천대_visual_design,가천대,재현작,1413
data/crawled/raw_images/258_0.png,S,83.5,industrial_design,국민대_industrial_design,국민대,재현작,258
data/crawled/raw_images/2234_0.jpg,B,64.8,visual_design,가천대_visual_design,가천대,재현작,2234
data/crawled/raw_images/2045_0.jpg,B,52.7,fashion,동덕여대_fashion,동덕여대,재현작,2045
data/crawled/raw_images/3611_0.jpg,B,52.2,design_general,인하대_design_general,인하대,재현작,3611
data/crawled/raw_images/682_0.jpg,A,72.0,fine_art,이화여대_fine_art,이화여대,재현작,682
data/crawled/raw_images/631_0.jpg,B,58.2,fashion,건국대_fashion,건국대,재현작,631
data/crawled/raw_images/2416_0.jpg,B,54.8,fine_art,가천대_fine_art,가천대,재현작,2416
data/crawled/raw_images/2390_0.jpg,B,67.3,visual_design,동덕여대_visual_design,동덕여대,재현작,2390
data/crawled/raw_images/557_0.jpg,B,52.4,craft,단국대_craft,단국대,평소작,557
data/crawled/raw_images/2048_0.jpg,A,75.4,industrial_design,경희대_industrial_design,경희대,평소작,2048
data/crawled/raw_images/2773_0.jpg,B,55.1,craft,단국대_craft,단국대,재현작,2773
data/crawled/raw_images/3411_0.jpg,C,44.8,design_general,삼육대_design_general,삼육대,재현작,3411
data/crawled/raw_images/2492_0.jpg,B,64.2,design_general,한성대_design_general,한성대,재현작,2492
data/crawled/raw_images/2214_0.jpg,A,79.9,interior,건국대_interior,건국대,평소작,2214
data/crawled/raw_images/3188_0.jpg,B,58.5,design_general,경기대_design_general,경기대,재현작,3188
data/crawled/raw_images/2930_0.jpg,B,58.1,interior,숙명여대_interior,숙명여대,재현작,2930
data/crawled/raw_images/847_0.jpg,C,46.2,visual_design,용인대_visual_design,용인대,재현작,847
data/crawled/raw_images/2418_0.jpg,A,65.3,visual_design,국민대_visual_design,국민대,평소작,2418
data/crawled/raw_images/1218_0.jpg,S,94.5,fine_art,서울대_fine_art,서울대,평소작,1218
data/crawled/raw_images/2299_0.jpg,A,74.3,fine_art,성신여대_fine_art,성신여대,재현작,2299
data/crawled/raw_images/228_0.png,A,68.7,fine_art,경희대_fine_art,경희대,재현작,228
data/crawled/raw_images/327_0.png,A,81.2,fine_art,경희대_fine_art,경희대,재현작,327
data/crawled/raw_images/768_0.jpg,A,77.3,fine_art,성신여대_fine_art,성신여대,평소작,768
data/crawled/raw_images/3773_0.jpg,A,71.0,design_general,고려대_design_general,고려대,재현작,3773
data/crawled/raw_images/3777_0.jpg,A,71.0,design_general,고려대_design_general,고려대,재현작,3777
data/crawled/raw_images/1980_0.jpg,A,73.3,visual_design,한양대_visual_design,한양대,재현작,1980
data/crawled/raw_images/3163_0.jpeg,A,72.6,visual_design,한양대_visual_design,한양대,재현작,3163
data/crawled/raw_images/1279_0.jpg,A,72.3,fine_art,경희대_fine_art,경희대,평소작,1279
data/crawled/raw_images/2826_0.png,B,57.9,design_general,상명대_design_general,상명대,재현작,2826
data/crawled/raw_images/891_0.jpg,A,78.8,fine_art,경희대_fine_art,경희대,평소작,891
data/crawled/raw_images/1471_0.jpg,A,65.9,visual_design,국민대_visual_design,국민대,재현작,1471
data/crawled/raw_images/734_0.jpg,A,83.6,visual_design,경희대_visual_design,경희대,재현작,734
data/crawled/raw_images/3937_0.jpg,S,95.5,design_general,서울대_design_general,서울대,평소작,3937
data/crawled/raw_images/3003_0.jpg,C,49.7,industrial_design,서경대_industrial_design,서경대,재현작,3003
data/crawled/raw_images/1036_0.jpg,A,69.6,visual_design,한양대_visual_design,한양대,재현작,1036
data/crawled/raw_images/954_0.jpg,A,77.4,visual_design,건국대_visual_design,건국대,평소작,954
data/crawled/raw_images/2172_0.jpg,A,72.0,fine_art,경희대_fine_art,경희대,평소작,2172
data/crawled/raw_images/3327_0.jpg,B,56.7,animation,청강대_animation,청강대,재현작,3327
data/crawled/raw_images/2617_0.jpg,A,72.9,fine_art,동국대_fine_art,동국대,평소작,2617
data/crawled/raw_images/1737_0.jpg,C,45.6,design_general,삼육대_design_general,삼육대,재현작,1737
data/crawled/raw_images/3688_0.jpg,A,76.3,craft,중앙대_craft,중앙대,재현작,3688
data/crawled/raw_images/712_0.jpg,B,53.5,fine_art,단국대_fine_art,단국대,평소작,712
data/crawled/raw_images/2452_0.jpg,B,60.2,animation,청강대_animation,청강대,평소작,2452
data/crawled/raw_images/1487_0.jpg,A,69.7,visual_design,건국대_visual_design,건국대,재현작,1487
data/crawled/raw_images/933_0.jpg,A,75.8,fine_art,동국대_fine_art,동국대,평소작,933
data/crawled/raw_images/2949_0.jpg,A,70.3,craft,국민대_craft,국민대,unknown,2949
data/crawled/raw_images/366_0.png,A,77.3,visual_design,건국대_visual_design,건국대,평소작,366
data/crawled/raw_images/674_0.jpg,B,64.7,design_general,경기대_design_general,경기대,평소작,674
data/crawled/raw_images/977_0.jpg,A,65.5,visual_design,국민대_visual_design,국민대,재현작,977
data/crawled/raw_images/3301_0.png,B,60.6,craft,서울과기대_craft,서울과기대,재현작,3301
data/crawled/raw_images/2083_0.jpg,A,72.0,fine_art,동국대_fine_art,동국대,평소작,2083
data/crawled/raw_images/1961_0.jpg,B,53.9,visual_design,동덕여대_visual_design,동덕여대,재현작,1961
data/crawled/raw_images/2914_0.jpg,A,76.6,fine_art,성신여대_fine_art,성신여대,평소작,2914
data/crawled/raw_images/3721_0.jpg,B,56.1,industrial_design,단국대_industrial_design,단국대,재현작,3721
data/crawled/raw_images/708_0.jpeg,B,62.6,design_general,한성대_design_general,한성대,평소작,708
data/crawled/raw_images/1719_0.jpg,C,42.3,design_general,백석대_design_general,백석대,재현작,1719
data/crawled/raw_images/1278_0.jpg,B,48.6,sculpture,서울시립대_sculpture,서울시립대,평소작,1278
data/crawled/raw_images/2216_0.jpg,B,66.9,craft,서울여대_craft,서울여대,재현작,2216
data/crawled/raw_images/583_0.jpg,B,48.6,sculpture,서울시립대_sculpture,서울시립대,평소작,583
data/crawled/raw_images/3845_0.png,A,81.6,craft,성신여대_craft,성신여대,재현작,3845
data/crawled/raw_images/2858_0.jpg,A,82.3,craft,성신여대_craft,성신여대,재현작,2858
data/crawled/raw_images/665_0.jpg,S,92.8,fine_art,서울대_fine_art,서울대,재현작,665
data/crawled/raw_images/1370_0.jpg,B,63.7,design_general,덕성여대_design_general,덕성여대,평소작,1370
data/crawled/raw_images/520_0.jpeg,B,49.2,sculpture,서울시립대_sculpture,서울시립대,평소작,520
data/crawled/raw_images/3878_0.jpeg,A,78.1,fine_art,성신여대_fine_art,성신여대,평소작,3878
data/crawled/raw_images/257_0.jpg,A,68.8,visual_design,한양대_visual_design,한양대,재현작,257
data/crawled/raw_images/3522_0.jpg,C,48.5,design_general,삼육대_design_general,삼육대,재현작,3522
data/crawled/raw_images/231_0.png,A,68.7,fine_art,경희대_fine_art,경희대,평소작,231
data/crawled/raw_images/405_0.jpg,B,59.8,design_general,한성대_design_general,한성대,재현작,405
data/crawled/raw_images/962_0.jpg,B,54.4,fashion,동덕여대_fashion,동덕여대,재현작,962
data/crawled/raw_images/3057_0.jpeg,B,61.7,craft,단국대_craft,단국대,재현작,3057
data/crawled/raw_images/2727_0.jpg,B,66.8,design_general,덕성여대_design_general,덕성여대,평소작,2727
data/crawled/raw_images/3425_0.jpg,A,80.8,interior,건국대_interior,건국대,재현작,3425
data/crawled/raw_images/3553_0.jpg,S,89.1,fine_art,서울대_fine_art,서울대,평소작,3553
data/crawled/raw_images/728_0.jpg,B,58.2,industrial_design,서울과기대_industrial_design,서울과기대,평소작,728
data/crawled/raw_images/3435_0.jpg,B,57.1,animation,청강대_animation,청강대,재현작,3435
data/crawled/raw_images/3612_0.jpg,S,84.1,industrial_design,국민대_industrial_design,국민대,재현작,3612
data/crawled/raw_images/1646_0.jpg,B,60.2,animation,청강대_animation,청강대,재현작,1646
data/crawled/raw_images/2585_0.jpg,B,60.5,visual_design,숙명여대_visual_design,숙명여대,재현작,2585
data/crawled/raw_images/3791_0.jpg,B,51.0,industrial_design,서울여대_industrial_design,서울여대,재현작,3791
data/crawled/raw_images/2733_0.jpg,A,74.4,fine_art,동국대_fine_art,동국대,평소작,2733
data/crawled/raw_images/3545_0.jpg,C,47.1,industrial_design,서경대_industrial_design,서경대,재현작,3545
data/crawled/raw_images/788_0.jpg,B,63.6,design_general,인하대_design_general,인하대,평소작,788
data/crawled/raw_images/709_0.jpg,B,57.3,craft,서울과기대_craft,서울과기대,평소작,709
data/crawled/raw_images/862_0.jpg,C,42.6,industrial_design,협성대_industrial_design,협성대,평소작,862
data/crawled/raw_images/675_0.jpg,C,44.1,industrial_design,협성대_industrial_design,협성대,평소작,675
data/crawled/raw_images/2944_0.png,A,82.4,visual_design,건국대_visual_design,건국대,재현작,2944
data/crawled/raw_images/409_0.jpg,B,54.9,animation,청강대_animation,청강대,평소작,409
data/crawled/raw_images/937_0.jpg,A,72.0,fine_art,중앙대_fine_art,중앙대,평소작,937
data/crawled/raw_images/3619_0.jpg,A,67.7,industrial_design,중앙대_industrial_design,중앙대,재현작,3619
data/crawled/raw_images/2924_0.jpg,A,69.3,design_general,홍익대_design_general,홍익대,평소작,2924
data/crawled/raw_images/335_0.png,B,53.3,visual_design,명지대_visual_design,명지대,평소작,335
data/crawled/raw_images/2194_0.png,B,55.0,industrial_design,가천대_industrial_design,가천대,평소작,2194
data/crawled/raw_images/3700_0.jpg,A,76.2,craft,중앙대_craft,중앙대,재현작,3700
data/crawled/raw_images/1872_0.jpg,A,72.3,visual_design,한양대_visual_design,한양대,재현작,1872
data/crawled/raw_images/3333_0.jpg,B,60.6,industrial_design,가천대_industrial_design,가천대,재현작,3333
data/crawled/raw_images/1509_0.jpg,A,66.8,design_general,연세대_design_general,연세대,평소작,1509
data/crawled/raw_images/3820_0.jpg,S,87.2,fine_art,서울대_fine_art,서울대,평소작,3820
data/crawled/raw_images/1228_0.jpg,B,64.4,craft,동덕여대_craft,동덕여대,재현작,1228
data/crawled/raw_images/1160_0.jpg,B,57.5,fine_art,건국대_fine_art,건국대,평소작,1160
data/crawled/raw_images/3796_0.jpg,B,53.8,design_general,상명대_design_general,상명대,재현작,3796
data/crawled/raw_images/1922_0.jpg,B,49.6,sculpture,서울시립대_sculpture,서울시립대,unknown,1922
data/crawled/raw_images/1050_0.jpg,A,69.6,visual_design,한양대_visual_design,한양대,재현작,1050
data/crawled/raw_images/2092_0.jpg,A,68.3,design_general,연세대_design_general,연세대,재현작,2092
data/crawled/raw_images/3778_0.jpg,A,71.3,design_general,이화여대_design_general,이화여대,평소작,3778
data/crawled/raw_images/3720_0.jpg,C,47.0,visual_design,서경대_visual_design,서경대,재현작,3720
data/crawled/raw_images/2325_0.jpg,B,66.6,interior,동덕여대_interior,동덕여대,재현작,2325
data/crawled/raw_images/2607_0.jpg,B,52.6,design_general,상명대_design_general,상명대,재현작,2607
data/crawled/raw_images/2391_0.jpg,B,61.7,craft,단국대_craft,단국대,재현작,2391
data/crawled/raw_images/3011_0.jpg,A,82.3,craft,성신여대_craft,성신여대,재현작,3011
data/crawled/raw_images/1287_0.jpg,A,79.4,interior,건국대_interior,건국대,재현작,1287
data/crawled/raw_images/2916_0.jpg,B,63.8,interior,동덕여대_interior,동덕여대,재현작,2916
data/crawled/raw_images/2978_0.jpg,A,83.4,visual_design,경희대_visual_design,경희대,재현작,2978
data/crawled/raw_images/2295_0.jpg,B,66.3,craft,서울여대_craft,서울여대,재현작,2295
data/crawled/raw_images/3070_0.jpeg,S,89.8,design_general,서울대_design_general,서울대,재현작,3070
data/crawled/raw_images/3837_0.png,B,60.0,animation,청강대_animation,청강대,재현작,3837
data/crawled/raw_images/1183_0.jpg,B,64.8,visual_design,명지대_visual_design,명지대,평소작,1183
data/crawled/raw_images/824_0.jpg,B,66.4,visual_design,가천대_visual_design,가천대,재현작,824
data/crawled/raw_images/3166_0.jpg,C,45.4,design_general,수원대_design_general,수원대,재현작,3166
data/crawled/raw_images/342_0.png,B,56.7,industrial_design,상명대_industrial_design,상명대,재현작,342
data/crawled/raw_images/1369_0.jpg,A,83.3,industrial_design,경희대_industrial_design,경희대,재현작,1369
data/crawled/raw_images/3651_0.jpg,B,50.2,sculpture,서울시립대_sculpture,서울시립대,평소작,3651
data/crawled/raw_images/2732_0.jpg,B,49.4,sculpture,서울시립대_sculpture,서울시립대,평소작,2732
data/crawled/raw_images/2651_0.jpg,A,71.0,craft,중앙대_craft,중앙대,재현작,2651
data/crawled/raw_images/421_0.jpg,A,82.9,fashion,경희대_fashion,경희대,평소작,421
data/crawled/raw_images/2067_0.jpg,A,71.6,craft,중앙대_craft,중앙대,재현작,2067
data/crawled/raw_images/212_0.png,A,68.0,fine_art,성신여대_fine_art,성신여대,평소작,212
data/crawled/raw_images/334_0.png,A,79.5,fine_art,성신여대_fine_art,성신여대,평소작,334
data/crawled/raw_images/3853_0.jpeg,A,79.2,fine_art,중앙대_fine_art,중앙대,평소작,3853
data/crawled/raw_images/2335_0.jpg,C,48.4,design_general,수원대_design_general,수원대,재현작,2335
data/crawled/raw_images/2707_0.jpg,C,41.2,design_general,백석대_design_general,백석대,평소작,2707
data/crawled/raw_images/2107_0.jpg,A,72.0,fine_art,성신여대_fine_art,성신여대,평소작,2107
data/crawled/raw_images/1070_0.jpg,A,76.4,fine_art,이화여대_fine_art,이화여대,평소작,1070
data/crawled/raw_images/3096_0.jpg,B,57.5,fine_art,건국대_fine_art,건국대,재현작,3096
data/crawled/raw_images/2036_0.jpg,B,55.0,industrial_design,상명대_industrial_design,상명대,재현작,2036
data/crawled/raw_images/1161_0.jpg,C,31.0,design_general,인천가톨릭대_design_general,인천가톨릭대,평소작,1161
data/crawled/raw_images/1246_0.jpg,B,60.5,design_general,한성대_design_general,한성대,재현작,1246
data/crawled/raw_images/3112_0.jpg,C,46.0,design_general,삼육대_design_general,삼육대,평소작,3112
data/crawled/raw_images/2642_0.jpg,A,79.3,industrial_design,건국대_industrial_design,건국대,재현작,2642
data/crawled/raw_images/2229_0.jpg,B,60.7,visual_design,서울시립대_visual_design,서울시립대,재현작,2229
data/crawled/raw_images/1338_0.jpg,B,48.4,sculpture,서울시립대_sculpture,서울시립대,평소작,1338
data/crawled/raw_images/1837_0.jpg,B,60.4,design_general,한성대_design_general,한성대,재현작,1837
data/crawled/raw_images/3810_0.jpg,A,80.0,industrial_design,건국대_industrial_design,건국대,재현작,3810
data/crawled/raw_images/2734_0.jpg,A,74.0,fine_art,중앙대_fine_art,중앙대,평소작,2734
data/crawled/raw_images/2572_0.jpg,C,35.9,design_general,인천대_design_general,인천대,재현작,2572
data/crawled/raw_images/2152_0.jpg,A,73.0,fine_art,경희대_fine_art,경희대,평소작,2152
data/crawled/raw_images/1389_0.jpg,A,72.8,visual_design,한양대_visual_design,한양대,재현작,1389
data/crawled/raw_images/3324_0.jpg,B,51.6,fine_art,가천대_fine_art,가천대,평소작,3324
data/crawled/raw_images/1749_0.jpg,B,64.6,fashion,인하대_fashion,인하대,재현작,1749
data/crawled/raw_images/750_0.jpg,B,57.3,craft,서울과기대_craft,서울과기대,재현작,750
data/crawled/raw_images/2749_0.jpg,B,53.1,fine_art,가천대_fine_art,가천대,unknown,2749
data/crawled/raw_images/2838_0.jpg,A,73.7,visual_design,한양대_visual_design,한양대,재현작,2838
data/crawled/raw_images/2123_0.jpg,B,51.9,craft,서울과기대_craft,서울과기대,재현작,2123
data/crawled/raw_images/1670_0.jpg,A,83.1,visual_design,경희대_visual_design,경희대,재현작,1670
data/crawled/raw_images/3737_0.jpg,A,71.0,design_general,고려대_design_general,고려대,재현작,3737
data/crawled/raw_images/1884_0.jpg,A,82.7,craft,성신여대_craft,성신여대,평소작,1884
data/crawled/raw_images/2300_0.jpg,B,54.6,fine_art,가천대_fine_art,가천대,재현작,2300
data/crawled/raw_images/3477_0.jpg,B,57.2,animation,청강대_animation,청강대,평소작,3477
data/crawled/raw_images/1540_0.jpeg,B,48.4,visual_design,숙명여대_visual_design,숙명여대,재현작,1540
data/crawled/raw_images/1635_0.jpg,A,75.0,fine_art,성신여대_fine_art,성신여대,평소작,1635
data/crawled/raw_images/1354_0.jpg,B,59.8,animation,청강대_animation,청강대,평소작,1354
data/crawled/raw_images/3238_0.png,S,88.8,fine_art,서울대_fine_art,서울대,unknown,3238
data/crawled/raw_images/2211_0.jpg,A,73.2,visual_design,건국대_visual_design,건국대,평소작,2211
data/crawled/raw_images/894_0.jpg,A,70.4,design_general,이화여대_design_general,이화여대,재현작,894
data/crawled/raw_images/3464_0.jpg,C,45.0,design_general,백석대_design_general,백석대,재현작,3464
data/crawled/raw_images/468_0.jpg,C,40.4,visual_design,용인대_visual_design,용인대,재현작,468
data/crawled/raw_images/3590_0.jpg,B,52.2,design_general,인하대_design_general,인하대,평소작,3590
data/crawled/raw_images/3079_0.jpg,A,70.3,design_general,홍익대_design_general,홍익대,평소작,3079
data/crawled/raw_images/1878_0.jpg,B,64.6,fashion,인하대_fashion,인하대,재현작,1878
data/crawled/raw_images/797_0.png,A,77.3,fine_art,성신여대_fine_art,성신여대,평소작,797
data/crawled/raw_images/2207_0.jpg,B,52.5,animation,청강대_animation,청강대,평소작,2207
data/crawled/raw_images/1729_0.png,B,53.1,fine_art,가천대_fine_art,가천대,재현작,1729
data/crawled/raw_images/1948_0.jpg,A,74.2,interior,건국대_interior,건국대,재현작,1948
data/crawled/raw_images/580_0.jpg,A,70.1,sculpture,국민대_sculpture,국민대,평소작,580
data/crawled/raw_images/1134_0.jpg,B,62.3,craft,단국대_craft,단국대,평소작,1134
data/crawled/raw_images/1453_0.jpg,A,70.9,visual_design,한양대_visual_design,한양대,재현작,1453
data/crawled/raw_images/3797_0.jpg,B,53.8,design_general,상명대_design_general,상명대,재현작,3797
data/crawled/raw_images/2882_0.jpg,B,61.0,fashion,건국대_fashion,건국대,재현작,2882
data/crawled/raw_images/2013_0.jpg,B,55.9,design_general,상명대_design_general,상명대,재현작,2013
data/crawled/raw_images/3655_0.jpg,B,64.5,fine_art,단국대_fine_art,단국대,평소작,3655
data/crawled/raw_images/3444_0.jpg,B,60.1,fine_art,건국대_fine_art,건국대,재현작,3444
data/crawled/raw_images/3642_0.jpg,A,67.1,visual_design,중앙대_visual_design,중앙대,재현작,3642
data/crawled/raw_images/3194_0.jpg,B,52.4,visual_design,가천대_visual_design,가천대,재현작,3194
data/crawled/raw_images/1230_0.jpg,A,79.1,interior,건국대_interior,건국대,재현작,1230
data/crawled/raw_images/2345_0.jpg,A,79.5,craft,숙명여대_craft,숙명여대,재현작,2345
data/crawled/raw_images/1186_0.jpg,B,59.6,design_general,상명대_design_general,상명대,재현작,1186
data/crawled/raw_images/3008_0.jpg,B,63.2,industrial_design,상명대_industrial_design,상명대,재현작,3008
data/crawled/raw_images/299_0.jpg,A,72.1,industrial_design,중앙대_industrial_design,중앙대,재현작,299
data/crawled/raw_images/3319_0.jpg,B,61.9,industrial_design,단국대_industrial_design,단국대,재현작,3319
data/crawled/raw_images/1710_0.jpg,A,79.7,industrial_design,건국대_industrial_design,건국대,평소작,1710
data/crawled/raw_images/2318_0.jpg,A,74.2,fine_art,성신여대_fine_art,성신여대,재현작,2318
data/crawled/raw_images/1757_0.jpg,C,41.0,industrial_design,협성대_industrial_design,협성대,평소작,1757
data/crawled/raw_images/572_0.jpg,A,75.1,design_general,고려대_design_general,고려대,재현작,572
data/crawled/raw_images/2910_0.jpg,B,60.0,craft,서울과기대_craft,서울과기대,재현작,2910
data/crawled/raw_images/2226_0.jpg,B,62.0,industrial_design,서울과기대_industrial_design,서울과기대,재현작,2226
data/crawled/raw_images/3716_0.jpg,A,80.0,industrial_design,건국대_industrial_design,건국대,재현작,3716
data/crawled/raw_images/2868_0.png,B,54.9,animation,청강대_animation,청강대,재현작,2868
data/crawled/raw_images/298_0.jpg,A,67.3,fine_art,경희대_fine_art,경희대,재현작,298
data/crawled/raw_images/1833_0.jpg,B,55.9,design_general,상명대_design_general,상명대,재현작,1833
data/crawled/raw_images/3144_0.jpg,A,81.9,visual_design,건국대_visual_design,건국대,평소작,3144
data/crawled/raw_images/2724_0.jpg,A,66.1,visual_design,성균관대_visual_design,성균관대,평소작,2724
data/crawled/raw_images/3906_0.jpg,A,77.8,design_general,건국대_design_general,건국대,평소작,3906
data/crawled/raw_images/870_0.jpg,C,32.3,design_general,인천가톨릭대_design_general,인천가톨릭대,평소작,870
data/crawled/raw_images/3770_0.jpg,A,67.6,visual_design,서울과기대_visual_design,서울과기대,재현작,3770
data/crawled/raw_images/1614_0.jpeg,A,74.1,craft,중앙대_craft,중앙대,평소작,1614
data/crawled/raw_images/3170_0.jpg,B,56.1,visual_design,명지대_visual_design,명지대,재현작,3170
data/crawled/raw_images/2389_0.jpg,B,63.9,fashion,동덕여대_fashion,동덕여대,재현작,2389
data/crawled/raw_images/3292_0.jpeg,A,66.2,craft,국민대_craft,국민대,재현작,3292
data/crawled/raw_images/876_0.jpg,B,64.9,visual_design,명지대_visual_design,명지대,재현작,876
data/crawled/raw_images/2427_0.jpg,B,57.0,fine_art,단국대_fine_art,단국대,평소작,2427
data/crawled/raw_images/2529_0.jpg,B,61.1,design_general,경기대_design_general,경기대,재현작,2529
data/crawled/raw_images/760_0.jpg,B,58.2,industrial_design,서울과기대_industrial_design,서울과기대,평소작,760
data/crawled/raw_images/2190_0.jpg,B,60.4,design_general,한성대_design_general,한성대,재현작,2190
data/crawled/raw_images/2640_0.jpg,A,79.3,industrial_design,건국대_industrial_design,건국대,재현작,2640
data/crawled/raw_images/3592_0.jpg,B,52.2,design_general,인하대_design_general,인하대,평소작,3592
data/crawled/raw_images/293_0.jpg,A,77.4,industrial_design,건국대_industrial_design,건국대,재현작,293
data/crawled/raw_images/3604_0.jpg,A,70.0,design_general,한양대_design_general,한양대,재현작,3604
data/crawled/raw_images/2098_0.jpg,S,90.7,design_general,서울대_design_general,서울대,재현작,2098
data/crawled/raw_images/2435_0.jpg,C,38.1,industrial_design,협성대_industrial_design,협성대,평소작,2435
data/crawled/raw_images/647_0.jpg,A,68.2,fine_art,동국대_fine_art,동국대,평소작,647
data/crawled/raw_images/787_0.jpg,A,75.5,visual_design,건국대_visual_design,건국대,재현작,787
data/crawled/raw_images/395_0.jpg,B,52.9,visual_design,숙명여대_visual_design,숙명여대,재현작,395
data/crawled/raw_images/3504_0.jpg,A,80.5,design_general,건국대_design_general,건국대,재현작,3504
data/crawled/raw_images/3108_0.jpg,B,57.2,industrial_design,성신여대_industrial_design,성신여대,평소작,3108
data/crawled/raw_images/3511_0.jpg,A,83.4,fashion,경희대_fashion,경희대,재현작,3511
data/crawled/raw_images/2011_0.png,A,67.8,visual_design,서울과기대_visual_design,서울과기대,재현작,2011
data/crawled/raw_images/2255_0.jpg,A,75.5,fine_art,동국대_fine_art,동국대,평소작,2255
data/crawled/raw_images/3210_0.jpg,C,46.8,design_general,삼육대_design_general,삼육대,평소작,3210
data/crawled/raw_images/2689_0.jpg,B,49.4,visual_design,숙명여대_visual_design,숙명여대,재현작,2689
data/crawled/raw_images/3702_0.jpg,A,76.8,visual_design,경희대_visual_design,경희대,재현작,3702
data/crawled/raw_images/3044_0.jpg,B,58.1,interior,숙명여대_interior,숙명여대,재현작,3044
data/crawled/raw_images/934_0.jpg,A,79.7,visual_design,건국대_visual_design,건국대,재현작,934
data/crawled/raw_images/604_0.jpg,A,83.5,design_general,건국대_design_general,건국대,재현작,604
data/crawled/raw_images/3859_0.jpg,B,59.5,craft,단국대_craft,단국대,평소작,3859
data/crawled/raw_images/3697_0.jpg,A,80.0,industrial_design,건국대_industrial_design,건국대,재현작,3697
data/crawled/raw_images/1810_0.jpg,B,55.7,fine_art,건국대_fine_art,건국대,평소작,1810
data/crawled/raw_images/916_0.jpg,A,70.6,fine_art,경희대_fine_art,경희대,평소작,916
data/crawled/raw_images/2798_0.jpg,A,67.4,craft,국민대_craft,국민대,평소작,2798
data/crawled/raw_images/2253_0.jpg,A,70.3,sculpture,국민대_sculpture,국민대,평소작,2253
data/crawled/raw_images/1508_0.jpg,B,50.5,design_general,상명대_design_general,상명대,평소작,1508
data/crawled/raw_images/1901_0.jpg,A,81.1,visual_design,건국대_visual_design,건국대,재현작,1901
data/crawled/raw_images/2043_0.jpg,B,48.7,fine_art,성균관대_fine_art,성균관대,평소작,2043
data/crawled/raw_images/385_0.png,B,67.2,industrial_design,서울여대_industrial_design,서울여대,평소작,385
data/crawled/raw_images/897_0.jpeg,A,75.8,fine_art,동국대_fine_art,동국대,평소작,897
data/crawled/raw_images/1654_0.jpg,B,60.4,design_general,한성대_design_general,한성대,재현작,1654
data/crawled/raw_images/3384_0.jpg,A,83.5,craft,성신여대_craft,성신여대,재현작,3384
data/crawled/raw_images/281_0.jpg,A,74.2,fine_art,경희대_fine_art,경희대,평소작,281
data/crawled/raw_images/1393_0.jpg,B,53.9,visual_design,동덕여대_visual_design,동덕여대,재현작,1393
data/crawled/raw_images/205_0.png,B,48.3,visual_design,서울시립대_visual_design,서울시립대,평소작,205
data/crawled/raw_images/582_0.jpg,A,69.4,fine_art,경희대_fine_art,경희대,평소작,582
data/crawled/raw_images/2302_0.jpg,B,64.4,design_general,한성대_design_general,한성대,재현작,2302
data/crawled/raw_images/3171_0.jpg,B,48.1,visual_design,숙명여대_visual_design,숙명여대,재현작,3171
data/crawled/raw_images/2663_0.jpg,C,34.7,design_general,인천가톨릭대_design_general,인천가톨릭대,재현작,2663
data/crawled/raw_images/668_0.jpg,B,55.0,craft,동덕여대_craft,동덕여대,재현작,668
data/crawled/raw_images/798_0.jpg,B,63.7,fashion,동덕여대_fashion,동덕여대,재현작,798
data/crawled/raw_images/3179_0.jpeg,B,57.9,fine_art,가천대_fine_art,가천대,평소작,3179
data/crawled/raw_images/2750_0.jpg,A,71.8,sculpture,국민대_sculpture,국민대,평소작,2750
data/crawled/raw_images/3455_0.jpg,C,33.5,design_general,인천가톨릭대_design_general,인천가톨릭대,재현작,3455
data/crawled/raw_images/3434_0.jpg,B,55.0,animation,청강대_animation,청강대,재현작,3434
data/crawled/raw_images/3564_0.jpeg,A,76.1,sculpture,국민대_sculpture,국민대,평소작,3564
data/crawled/raw_images/274_0.jpg,A,75.4,industrial_design,건국대_industrial_design,건국대,재현작,274
data/crawled/raw_images/1415_0.jpg,B,48.4,visual_design,숙명여대_visual_design,숙명여대,재현작,1415
data/crawled/raw_images/3123_0.jpg,B,48.7,craft,서울과기대_craft,서울과기대,재현작,3123
data/crawled/raw_images/3168_0.jpg,B,56.6,fashion,동덕여대_fashion,동덕여대,재현작,3168
data/crawled/raw_images/2887_0.jpg,B,66.0,visual_design,동덕여대_visual_design,동덕여대,재현작,2887
data/crawled/raw_images/752_0.jpg,A,83.9,visual_design,경희대_visual_design,경희대,평소작,752
data/crawled/raw_images/3494_0.jpg,B,61.3,visual_design,명지대_visual_design,명지대,재현작,3494
data/crawled/raw_images/236_0.png,A,82.0,industrial_design,중앙대_industrial_design,중앙대,평소작,236
data/crawled/raw_images/2671_0.jpg,B,55.1,craft,단국대_craft,단국대,재현작,2671
data/crawled/raw_images/2553_0.jpg,B,48.2,fine_art,성균관대_fine_art,성균관대,평소작,2553
data/crawled/raw_images/1926_0.jpg,B,58.0,craft,동덕여대_craft,동덕여대,평소작,1926
data/crawled/raw_images/3279_0.jpeg,A,73.6,visual_design,경희대_visual_design,경희대,재현작,3279
data/crawled/raw_images/3311_0.jpeg,B,60.6,industrial_design,가천대_industrial_design,가천대,재현작,3311
data/crawled/raw_images/1480_0.jpg,A,67.0,visual_design,서울과기대_visual_design,서울과기대,재현작,1480
data/crawled/raw_images/3330_0.png,A,79.1,visual_design,서울과기대_visual_design,서울과기대,재현작,3330
data/crawled/raw_images/3471_0.jpg,C,34.1,visual_design,남서울대_visual_design,남서울대,재현작,3471
data/crawled/raw_images/2860_0.jpg,B,59.3,fine_art,건국대_fine_art,건국대,재현작,2860
data/crawled/raw_images/2503_0.jpg,C,47.1,design_general,삼육대_design_general,삼육대,재현작,2503
data/crawled/raw_images/3625_0.jpg,A,76.9,industrial_design,건국대_industrial_design,건국대,재현작,3625
data/crawled/raw_images/1503_0.jpg,B,50.7,interior,숙명여대_interior,숙명여대,재현작,1503
data/crawled/raw_images/1601_0.jpg,A,65.8,fine_art,이화여대_fine_art,이화여대,unknown,1601
data/crawled/raw_images/1080_0.jpg,A,65.5,visual_design,국민대_visual_design,국민대,재현작,1080
data/crawled/raw_images/2443_0.jpg,C,43.0,industrial_design,협성대_industrial_design,협성대,평소작,2443
data/crawled/raw_images/336_0.jpg,B,55.5,fashion,동덕여대_fashion,동덕여대,평소작,336
data/crawled/raw_images/396_0.jpg,B,52.9,visual_design,숙명여대_visual_design,숙명여대,재현작,396
data/crawled/raw_images/2192_0.jpg,B,48.7,fine_art,성균관대_fine_art,성균관대,평소작,2192
data/crawled/raw_images/1024_0.jpg,A,70.6,fine_art,경희대_fine_art,경희대,평소작,1024
data/crawled/raw_images/1212_0.jpg,B,62.8,design_general,경기대_design_general,경기대,재현작,1212
data/crawled/raw_images/2070_0.jpg,A,67.8,visual_design,서울과기대_visual_design,서울과기대,재현작,2070
data/crawled/raw_images/1023_0.jpg,A,67.1,fine_art,중앙대_fine_art,중앙대,평소작,1023
data/crawled/raw_images/1875_0.jpg,B,59.3,craft,서울과기대_craft,서울과기대,재현작,1875
data/crawled/raw_images/950_0.jpg,B,59.0,industrial_design,상명대_industrial_design,상명대,평소작,950
data/crawled/raw_images/3914_0.jpg,B,65.2,design_general,인하대_design_general,인하대,재현작,3914
data/crawled/raw_images/1245_0.jpg,A,72.0,design_general,홍익대_design_general,홍익대,평소작,1245
data/crawled/raw_images/1136_0.jpg,A,82.9,fashion,경희대_fashion,경희대,평소작,1136
data/crawled/raw_images/3648_0.jpg,B,54.4,craft,동덕여대_craft,동덕여대,재현작,3648
data/crawled/raw_images/762_0.jpg,A,77.3,fine_art,성신여대_fine_art,성신여대,평소작,762
data/crawled/raw_images/1294_0.jpg,B,63.8,industrial_design,상명대_industrial_design,상명대,평소작,1294
data/crawled/raw_images/1728_0.jpg,B,55.9,design_general,상명대_design_general,상명대,재현작,1728
data/crawled/raw_images/2794_0.jpg,A,76.7,visual_design,건국대_visual_design,건국대,평소작,2794
data/crawled/raw_images/2611_0.jpg,B,51.6,craft,서울과기대_craft,서울과기대,재현작,2611
data/crawled/raw_images/3249_0.jpg,B,58.0,craft,서울여대_craft,서울여대,재현작,3249
data/crawled/raw_images/3447_0.jpg,B,60.9,design_general,경기대_design_general,경기대,재현작,3447
data/crawled/raw_images/1270_0.jpg,A,80.4,industrial_design,건국대_industrial_design,건국대,재현작,1270
data/crawled/raw_images/3076_0.jpg,A,70.8,design_general,이화여대_design_general,이화여대,재현작,3076
data/crawled/raw_images/2806_0.jpg,A,69.6,design_general,연세대_design_general,연세대,재현작,2806
data/crawled/raw_images/3419_0.jpg,A,82.5,visual_design,건국대_visual_design,건국대,재현작,3419
data/crawled/raw_images/1418_0.jpg,A,66.1,visual_design,건국대_visual_design,건국대,재현작,1418
data/crawled/raw_images/289_0.jpg,B,60.1,craft,서울과기대_craft,서울과기대,재현작,289
data/crawled/raw_images/304_0.jpg,A,68.9,fine_art,성신여대_fine_art,성신여대,재현작,304
data/crawled/raw_images/837_0.jpg,C,37.3,design_general,인천대_design_general,인천대,재현작,837
data/crawled/raw_images/2499_0.jpg,B,65.0,fashion,인하대_fashion,인하대,재현작,2499
data/crawled/raw_images/1163_0.jpeg,A,77.6,fine_art,성신여대_fine_art,성신여대,평소작,1163
data/crawled/raw_images/3410_0.jpg,C,48.1,design_general,수원대_design_general,수원대,재현작,3410
data/crawled/raw_images/3016_0.jpg,B,65.7,design_general,한성대_design_general,한성대,재현작,3016
data/crawled/raw_images/3213_0.jpg,B,56.1,industrial_design,성신여대_industrial_design,성신여대,평소작,3213
data/crawled/raw_images/2074_0.jpg,A,69.0,design_general,이화여대_design_general,이화여대,재현작,2074
data/crawled/raw_images/2606_0.jpg,A,76.7,visual_design,건국대_visual_design,건국대,재현작,2606
data/crawled/raw_images/3622_0.jpg,B,50.5,craft,서울과기대_craft,서울과기대,재현작,3622
data/crawled/raw_images/1522_0.jpg,B,64.0,fashion,인하대_fashion,인하대,재현작,1522
data/crawled/raw_images/1343_0.jpg,A,74.1,craft,중앙대_craft,중앙대,평소작,1343
data/crawled/raw_images/506_0.jpg,S,92.3,fine_art,서울대_fine_art,서울대,평소작,506
data/crawled/raw_images/3809_0.jpg,A,77.2,design_general,건국대_design_general,건국대,재현작,3809
data/crawled/raw_images/264_0.png,A,67.3,fine_art,경희대_fine_art,경희대,재현작,264
data/crawled/raw_images/2018_0.jpeg,B,49.2,sculpture,서울시립대_sculpture,서울시립대,평소작,2018
data/crawled/raw_images/3669_0.jpeg,A,76.1,sculpture,국민대_sculpture,국민대,평소작,3669
data/crawled/raw_images/1828_0.jpg,B,58.9,interior,숙명여대_interior,숙명여대,재현작,1828
data/crawled/raw_images/982_0.jpg,B,56.7,craft,동덕여대_craft,동덕여대,재현작,982
data/crawled/raw_images/686_0.jpg,C,46.2,visual_design,용인대_visual_design,용인대,평소작,686
data/crawled/raw_images/3017_0.jpg,B,61.7,craft,단국대_craft,단국대,재현작,3017
data/crawled/raw_images/1545_0.jpg,A,70.9,visual_design,한양대_visual_design,한양대,재현작,1545
data/crawled/raw_images/3638_0.jpeg,A,72.7,fine_art,성신여대_fine_art,성신여대,평소작,3638
data/crawled/raw_images/2528_0.jpg,B,61.7,industrial_design,상명대_industrial_design,상명대,평소작,2528
data/crawled/raw_images/332_0.jpg,A,66.0,fashion,국민대_fashion,국민대,평소작,332
data/crawled/raw_images/2049_0.jpg,A,79.9,interior,건국대_interior,건국대,평소작,2049
data/crawled/raw_images/2857_0.png,B,54.9,animation,청강대_animation,청강대,재현작,2857
data/crawled/raw_images/2163_0.jpg,A,71.5,design_general,고려대_design_general,고려대,재현작,2163
data/crawled/raw_images/1746_0.jpg,B,67.0,interior,동덕여대_interior,동덕여대,재현작,1746
data/crawled/raw_images/3423_0.png,B,65.1,industrial_design,서울여대_industrial_design,서울여대,재현작,3423
data/crawled/raw_images/2378_0.jpg,A,79.4,visual_design,서울과기대_visual_design,서울과기대,평소작,2378
data/crawled/raw_images/3345_0.jpg,C,32.6,design_general,인천가톨릭대_design_general,인천가톨릭대,평소작,3345
data/crawled/raw_images/1206_0.jpg,A,72.0,fine_art,경희대_fine_art,경희대,평소작,1206
data/crawled/raw_images/1903_0.jpg,A,68.1,industrial_design,중앙대_industrial_design,중앙대,평소작,1903
data/crawled/raw_images/2198_0.png,B,55.0,craft,동덕여대_craft,동덕여대,평소작,2198
data/crawled/raw_images/3047_0.jpg,A,67.3,visual_design,성균관대_visual_design,성균관대,재현작,3047
data/crawled/raw_images/525_0.jpg,A,73.4,craft,중앙대_craft,중앙대,재현작,525
data/crawled/raw_images/3201_0.jpg,A,73.5,fashion,경희대_fashion,경희대,재현작,3201
data/crawled/raw_images/3854_0.jpeg,A,78.1,fine_art,성신여대_fine_art,성신여대,평소작,3854
data/crawled/raw_images/3075_0.jpeg,B,64.6,design_general,인하대_design_general,인하대,재현작,3075
data/crawled/raw_images/2436_0.jpg,B,56.6,animation,청강대_animation,청강대,평소작,2436
data/crawled/raw_images/2975_0.jpg,B,58.3,fine_art,단국대_fine_art,단국대,평소작,2975
data/crawled/raw_images/1116_0.jpg,A,78.9,fine_art,중앙대_fine_art,중앙대,평소작,1116
data/crawled/raw_images/3555_0.jpg,A,74.7,fine_art,경희대_fine_art,경희대,평소작,3555
data/crawled/raw_images/282_0.jpeg,A,74.2,fine_art,경희대_fine_art,경희대,평소작,282
data/crawled/raw_images/1450_0.png,A,81.9,industrial_design,중앙대_industrial_design,중앙대,재현작,1450
data/crawled/raw_images/3656_0.jpeg,C,47.2,industrial_design,서경대_industrial_design,서경대,재현작,3656
data/crawled/raw_images/1967_0.jpg,B,53.9,visual_design,동덕여대_visual_design,동덕여대,재현작,1967
data/crawled/raw_images/1266_0.jpg,C,42.3,design_general,백석대_design_general,백석대,재현작,1266
data/crawled/raw_images/1008_0.jpg,A,75.8,fine_art,동국대_fine_art,동국대,평소작,1008
data/crawled/raw_images/3858_0.jpg,A,82.6,fashion,경희대_fashion,경희대,평소작,3858
data/crawled/raw_images/3813_0.jpg,B,50.1,industrial_design,서울과기대_industrial_design,서울과기대,재현작,3813
data/crawled/raw_images/695_0.jpg,B,63.6,design_general,인하대_design_general,인하대,재현작,695
data/crawled/raw_images/928_0.jpg,A,70.1,sculpture,국민대_sculpture,국민대,평소작,928
data/crawled/raw_images/2080_0.jpg,A,67.2,fine_art,경희대_fine_art,경희대,평소작,2080
data/crawled/raw_images/1137_0.jpg,B,61.3,industrial_design,단국대_industrial_design,단국대,평소작,1137
data/crawled/raw_images/3014_0.jpg,B,64.5,craft,동덕여대_craft,동덕여대,재현작,3014
data/crawled/raw_images/3127_0.jpeg,B,52.9,industrial_design,단국대_industrial_design,단국대,재현작,3127
data/crawled/raw_images/3663_0.jpg,B,51.1,craft,서울과기대_craft,서울과기대,재현작,3663
data/crawled/raw_images/2015_0.jpg,B,49.2,sculpture,서울시립대_sculpture,서울시립대,평소작,2015
data/crawled/raw_images/1692_0.jpg,B,61.0,visual_design,명지대_visual_design,명지대,평소작,1692
data/crawled/raw_images/3932_0.jpeg,B,59.4,fine_art,단국대_fine_art,단국대,평소작,3932
data/crawled/raw_images/2332_0.jpg,B,57.4,fine_art,단국대_fine_art,단국대,평소작,2332
data/crawled/raw_images/1334_0.jpg,B,50.3,fine_art,성균관대_fine_art,성균관대,평소작,1334
data/crawled/raw_images/2776_0.jpg,A,71.9,design_general,이화여대_design_general,이화여대,재현작,2776
data/crawled/raw_images/1631_0.jpg,B,54.1,fine_art,가천대_fine_art,가천대,재현작,1631
data/crawled/raw_images/1524_0.jpg,C,36.2,design_general,인천가톨릭대_design_general,인천가톨릭대,평소작,1524
data/crawled/raw_images/2859_0.jpg,B,61.6,craft,서울과기대_craft,서울과기대,재현작,2859
data/crawled/raw_images/2833_0.jpg,A,79.5,craft,숙명여대_craft,숙명여대,재현작,2833
data/crawled/raw_images/3422_0.jpeg,B,65.6,design_general,인하대_design_general,인하대,재현작,3422
data/crawled/raw_images/381_0.jpg,B,57.9,craft,서울과기대_craft,서울과기대,평소작,381
data/crawled/raw_images/967_0.jpeg,A,69.7,craft,국민대_craft,국민대,재현작,967
data/crawled/raw_images/2177_0.jpg,B,52.7,fashion,동덕여대_fashion,동덕여대,재현작,2177
data/crawled/raw_images/2876_0.jpg,B,66.0,visual_design,동덕여대_visual_design,동덕여대,재현작,2876
data/crawled/raw_images/2809_0.jpg,A,71.4,fine_art,동국대_fine_art,동국대,평소작,2809
data/crawled/raw_images/1325_0.jpg,C,37.3,design_general,인천대_design_general,인천대,재현작,1325
data/crawled/raw_images/3013_0.jpg,C,36.1,visual_design,용인대_visual_design,용인대,재현작,3013
data/crawled/raw_images/2250_0.jpg,A,75.5,fine_art,동국대_fine_art,동국대,평소작,2250
data/crawled/raw_images/896_0.jpg,B,49.3,sculpture,서울시립대_sculpture,서울시립대,평소작,896
data/crawled/raw_images/2847_0.jpg,B,61.6,craft,서울과기대_craft,서울과기대,재현작,2847
data/crawled/raw_images/1417_0.jpg,B,63.7,design_general,덕성여대_design_general,덕성여대,재현작,1417
data/crawled/raw_images/3162_0.jpeg,A,77.7,visual_design,건국대_visual_design,건국대,재현작,3162
data/crawled/raw_images/3665_0.jpg,B,55.7,fashion,동덕여대_fashion,동덕여대,재현작,3665
data/crawled/raw_images/3189_0.jpeg,C,46.8,design_general,삼육대_design_general,삼육대,재현작,3189
data/crawled/raw_images/3180_0.jpg,B,49.6,sculpture,서울시립대_sculpture,서울시립대,평소작,3180
data/crawled/raw_images/3257_0.jpg,B,51.2,animation,청강대_animation,청강대,재현작,3257
data/crawled/raw_images/457_0.jpg,B,61.0,design_general,경기대_design_general,경기대,재현작,457
data/crawled/raw_images/1779_0.jpg,C,43.3,design_general,백석대_design_general,백석대,재현작,1779
data/crawled/raw_images/1632_0.jpg,B,54.1,fine_art,가천대_fine_art,가천대,재현작,1632
data/crawled/raw_images/3513_0.jpg,B,51.8,design_general,경기대_design_general,경기대,재현작,3513
data/crawled/raw_images/3146_0.jpg,B,55.3,craft,동덕여대_craft,동덕여대,재현작,3146
data/crawled/raw_images/2010_0.jpg,A,69.0,design_general,이화여대_design_general,이화여대,재현작,2010
data/crawled/raw_images/2785_0.jpg,A,70.0,design_general,연세대_design_general,연세대,재현작,2785
data/crawled/raw_images/1734_0.jpg,B,58.9,interior,숙명여대_interior,숙명여대,재현작,1734
data/crawled/raw_images/656_0.jpg,B,55.1,design_general,상명대_design_general,상명대,재현작,656
data/crawled/raw_images/2454_0.jpg,B,60.2,animation,청강대_animation,청강대,평소작,2454
data/crawled/raw_images/827_0.jpg,B,65.4,visual_design,단국대_visual_design,단국대,재현작,827
data/crawled/raw_images/454_0.jpg,B,58.3,design_general,상명대_design_general,상명대,재현작,454
data/crawled/raw_images/2203_0.jpg,B,54.3,animation,청강대_animation,청강대,평소작,2203
data/crawled/raw_images/3811_0.jpg,A,80.0,industrial_design,건국대_industrial_design,건국대,재현작,3811
data/crawled/raw_images/1717_0.jpg,A,81.1,visual_design,건국대_visual_design,건국대,재현작,1717
data/crawled/raw_images/374_0.jpg,B,67.4,design_general,인하대_design_general,인하대,평소작,374
data/crawled/raw_images/2828_0.jpg,A,80.9,industrial_design,건국대_industrial_design,건국대,재현작,2828
data/crawled/raw_images/892_0.jpg,B,64.9,visual_design,명지대_visual_design,명지대,평소작,892
data/crawled/raw_images/2354_0.jpg,B,64.4,design_general,한성대_design_general,한성대,재현작,2354
data/crawled/raw_images/3058_0.jpg,A,72.1,design_general,연세대_design_general,연세대,평소작,3058
data/crawled/raw_images/510_0.jpg,S,92.3,fine_art,서울대_fine_art,서울대,평소작,510
data/crawled/raw_images/3344_0.jpg,C,31.3,design_general,인천가톨릭대_design_general,인천가톨릭대,평소작,3344
data/crawled/raw_images/2329_0.jpg,A,74.3,fine_art,성신여대_fine_art,성신여대,평소작,2329
data/crawled/raw_images/2588_0.jpg,B,50.5,visual_design,가천대_visual_design,가천대,재현작,2588
data/crawled/raw_images/367_0.png,B,67.8,visual_design,서울여대_visual_design,서울여대,재현작,367
data/crawled/raw_images/980_0.jpg,B,53.2,visual_design,단국대_visual_design,단국대,재현작,980
data/crawled/raw_images/1319_0.jpg,A,68.8,sculpture,국민대_sculpture,국민대,재현작,1319
data/crawled/raw_images/929_0.jpg,B,51.5,fine_art,가천대_fine_art,가천대,평소작,929
data/crawled/raw_images/1924_0.jpg,A,74.6,industrial_design,건국대_industrial_design,건국대,재현작,1924
data/crawled/raw_images/1968_0.jpg,C,34.9,design_general,인천가톨릭대_design_general,인천가톨릭대,재현작,1968
data/crawled/raw_images/3901_0.jpg,B,60.6,visual_design,단국대_visual_design,단국대,재현작,3901
data/crawled/raw_images/1704_0.jpg,A,83.9,fine_art,경희대_fine_art,경희대,재현작,1704
data/crawled/raw_images/3186_0.jpg,B,63.1,design_general,덕성여대_design_general,덕성여대,평소작,3186
data/crawled/raw_images/598_0.jpg,A,68.4,fine_art,성신여대_fine_art,성신여대,평소작,598
data/crawled/raw_images/2491_0.jpg,B,57.8,design_general,상명대_design_general,상명대,재현작,2491
data/crawled/raw_images/2799_0.jpg,B,50.5,industrial_design,서울과기대_industrial_design,서울과기대,평소작,2799
data/crawled/raw_images/3268_0.jpg,B,52.0,design_general,상명대_design_general,상명대,재현작,3268
data/crawled/raw_images/1895_0.jpg,A,73.3,visual_design,한양대_visual_design,한양대,재현작,1895
data/crawled/raw_images/3086_0.jpeg,B,52.0,design_general,상명대_design_general,상명대,재현작,3086
data/crawled/raw_images/3214_0.jpg,C,45.4,design_general,수원대_design_general,수원대,재현작,3214
data/crawled/raw_images/3865_0.jpeg,A,78.1,fine_art,성신여대_fine_art,성신여대,평소작,3865
data/crawled/raw_images/309_0.png,A,77.9,fine_art,이화여대_fine_art,이화여대,평소작,309
data/crawled/raw_images/1178_0.jpg,S,90.0,fine_art,서울대_fine_art,서울대,평소작,1178
data/crawled/raw_images/1812_0.jpg,C,43.9,design_general,백석대_design_general,백석대,평소작,1812
data/crawled/raw_images/3703_0.jpg,A,67.6,visual_design,서울과기대_visual_design,서울과기대,재현작,3703
data/crawled/raw_images/1985_0.jpg,A,74.6,industrial_design,건국대_industrial_design,건국대,재현작,1985
data/crawled/raw_images/3012_0.jpg,A,80.2,interior,건국대_interior,건국대,재현작,3012
data/crawled/raw_images/1497_0.jpg,A,70.3,craft,국민대_craft,국민대,재현작,1497
data/crawled/raw_images/248_0.png,A,71.2,craft,숙명여대_craft,숙명여대,재현작,248
data/crawled/raw_images/1867_0.jpg,A,82.7,craft,성신여대_craft,성신여대,평소작,1867
data/crawled/raw_images/3164_0.jpeg,B,55.4,fashion,건국대_fashion,건국대,재현작,3164
data/crawled/raw_images/716_0.jpg,B,65.4,visual_design,단국대_visual_design,단국대,평소작,716
data/crawled/raw_images/722_0.jpg,C,32.3,design_general,인천가톨릭대_design_general,인천가톨릭대,평소작,722
data/crawled/raw_images/2708_0.jpg,B,51.4,fashion,동덕여대_fashion,동덕여대,재현작,2708
data/crawled/raw_images/2384_0.jpg,A,83.3,industrial_design,경희대_industrial_design,경희대,unknown,2384
data/crawled/raw_images/3848_0.jpg,B,52.3,fine_art,가천대_fine_art,가천대,재현작,3848
data/crawled/raw_images/2166_0.jpg,S,85.1,industrial_design,국민대_industrial_design,국민대,재현작,2166
data/crawled/raw_images/3001_0.jpg,A,70.3,fashion,국민대_fashion,국민대,평소작,3001
data/crawled/raw_images/2289_0.jpg,B,64.4,design_general,한성대_design_general,한성대,재현작,2289
data/crawled/raw_images/1516_0.jpg,A,66.8,design_general,연세대_design_general,연세대,평소작,1516
data/crawled/raw_images/2726_0.jpg,B,62.1,industrial_design,단국대_industrial_design,단국대,평소작,2726
data/crawled/raw_images/2745_0.jpg,B,53.3,industrial_design,단국대_industrial_design,단국대,평소작,2745
data/crawled/raw_images/2421_0.jpg,C,48.4,design_general,수원대_design_general,수원대,평소작,2421
data/crawled/raw_images/3407_0.jpg,B,51.8,design_general,경기대_design_general,경기대,재현작,3407
data/crawled/raw_images/3299_0.jpg,B,57.0,animation,청강대_animation,청강대,평소작,3299
data/crawled/raw_images/1466_0.jpg,A,71.8,industrial_design,건국대_industrial_design,건국대,평소작,1466
data/crawled/raw_images/3779_0.jpg,A,69.8,design_general,홍익대_design_general,홍익대,평소작,3779
data/crawled/raw_images/771_0.jpeg,A,80.3,fine_art,경희대_fine_art,경희대,평소작,771
data/crawled/raw_images/3374_0.jpg,B,65.5,design_general,한성대_design_general,한성대,재현작,3374
data/crawled/raw_images/3097_0.jpg,B,67.2,design_general,덕성여대_design_general,덕성여대,재현작,3097
data/crawled/raw_images/2473_0.jpg,C,33.5,design_general,인천대_design_general,인천대,재현작,2473
data/crawled/raw_images/285_0.jpg,B,55.1,fashion,동덕여대_fashion,동덕여대,재현작,285
data/crawled/raw_images/3510_0.jpg,A,82.1,design_general,한양대_design_general,한양대,재현작,3510
data/crawled/raw_images/3617_0.jpg,B,51.1,craft,서울과기대_craft,서울과기대,재현작,3617
data/crawled/raw_images/817_0.jpg,S,90.0,fine_art,서울대_fine_art,서울대,평소작,817
data/crawled/raw_images/1347_0.jpg,A,66.2,visual_design,국민대_visual_design,국민대,재현작,1347
data/crawled/raw_images/1953_0.jpg,B,49.6,sculpture,서울시립대_sculpture,서울시립대,평소작,1953
data/crawled/raw_images/2549_0.jpg,A,69.0,design_general,홍익대_design_general,홍익대,평소작,2549
data/crawled/raw_images/829_0.jpg,B,67.1,design_general,덕성여대_design_general,덕성여대,재현작,829
data/crawled/raw_images/3586_0.jpg,B,54.6,visual_design,단국대_visual_design,단국대,평소작,3586
data/crawled/raw_images/1541_0.jpg,A,79.6,craft,성신여대_craft,성신여대,재현작,1541
data/crawled/raw_images/2989_0.jpg,A,82.4,visual_design,건국대_visual_design,건국대,재현작,2989
data/crawled/raw_images/444_0.jpg,B,53.8,animation,청강대_animation,청강대,평소작,444
data/crawled/raw_images/3242_0.png,S,88.8,fine_art,서울대_fine_art,서울대,unknown,3242
data/crawled/raw_images/3276_0.jpg,A,68.7,craft,숙명여대_craft,숙명여대,재현작,3276
data/crawled/raw_images/3748_0.jpg,B,63.3,visual_design,가천대_visual_design,가천대,재현작,3748
data/crawled/raw_images/2664_0.jpg,A,67.4,craft,국민대_craft,국민대,재현작,2664
data/crawled/raw_images/2699_0.jpg,A,75.4,visual_design,건국대_visual_design,건국대,재현작,2699
data/crawled/raw_images/3157_0.jpg,S,83.5,industrial_design,국민대_industrial_design,국민대,재현작,3157
data/crawled/raw_images/3124_0.jpg,A,66.1,craft,국민대_craft,국민대,재현작,3124
data/crawled/raw_images/2351_0.jpg,B,63.5,craft,동덕여대_craft,동덕여대,재현작,2351
data/crawled/raw_images/1483_0.jpg,A,78.6,visual_design,서울과기대_visual_design,서울과기대,평소작,1483
data/crawled/raw_images/3556_0.jpg,C,48.5,design_general,삼육대_design_general,삼육대,재현작,3556
data/crawled/raw_images/1253_0.jpg,C,41.9,industrial_design,협성대_industrial_design,협성대,재현작,1253
data/crawled/raw_images/3354_0.jpg,C,39.4,industrial_design,협성대_industrial_design,협성대,평소작,3354
data/crawled/raw_images/3695_0.jpg,B,53.8,design_general,상명대_design_general,상명대,재현작,3695
data/crawled/raw_images/1026_0.jpg,A,78.6,fine_art,동국대_fine_art,동국대,평소작,1026
data/crawled/raw_images/1899_0.jpg,S,84.9,industrial_design,국민대_industrial_design,국민대,재현작,1899
data/crawled/raw_images/2725_0.jpg,B,56.5,visual_design,서울시립대_visual_design,서울시립대,평소작,2725
data/crawled/raw_images/2202_0.jpg,B,54.3,animation,청강대_animation,청강대,평소작,2202
data/crawled/raw_images/3275_0.jpg,B,57.4,design_general,인하대_design_general,인하대,재현작,3275
data/crawled/raw_images/3573_0.jpg,B,61.1,design_general,인하대_design_general,인하대,평소작,3573
data/crawled/raw_images/581_0.jpg,A,69.4,fine_art,경희대_fine_art,경희대,평소작,581
data/crawled/raw_images/931_0.jpg,B,49.3,sculpture,서울시립대_sculpture,서울시립대,평소작,931
data/crawled/raw_images/2180_0.jpg,C,47.5,design_general,수원대_design_general,수원대,평소작,2180
data/crawled/raw_images/903_0.jpg,S,83.0,industrial_design,국민대_industrial_design,국민대,재현작,903
data/crawled/raw_images/1158_0.jpg,A,80.6,visual_design,건국대_visual_design,건국대,평소작,1158
data/crawled/raw_images/2848_0.jpg,C,35.1,visual_design,용인대_visual_design,용인대,재현작,2848
data/crawled/raw_images/3801_0.jpg,B,53.1,visual_design,서울여대_visual_design,서울여대,재현작,3801
data/crawled/raw_images/3271_0.jpeg,B,56.9,design_general,경기대_design_general,경기대,재현작,3271
data/crawled/raw_images/1447_0.jpg,A,72.0,visual_design,서울과기대_visual_design,서울과기대,평소작,1447
data/crawled/raw_images/822_0.jpg,S,91.7,fine_art,서울대_fine_art,서울대,평소작,822
data/crawled/raw_images/3506_0.jpg,C,48.0,design_general,수원대_design_general,수원대,재현작,3506
data/crawled/raw_images/1463_0.jpg,B,53.9,craft,단국대_craft,단국대,재현작,1463
data/crawled/raw_images/2176_0.jpg,A,74.6,industrial_design,건국대_industrial_design,건국대,재현작,2176
data/crawled/raw_images/1477_0.jpg,B,53.9,craft,단국대_craft,단국대,평소작,1477
data/crawled/raw_images/1896_0.jpg,B,64.6,fashion,인하대_fashion,인하대,재현작,1896
data/crawled/raw_images/3045_0.jpg,B,64.5,craft,동덕여대_craft,동덕여대,재현작,3045
data/crawled/raw_images/1838_0.jpg,A,78.3,design_general,고려대_design_general,고려대,평소작,1838
data/crawled/raw_images/1381_0.jpg,B,51.8,animation,청강대_animation,청강대,평소작,1381
data/crawled/raw_images/3587_0.jpg,C,47.0,visual_design,서경대_visual_design,서경대,평소작,3587
data/crawled/raw_images/3831_0.jpg,S,87.2,fine_art,서울대_fine_art,서울대,unknown,3831
data/crawled/raw_images/476_0.jpg,A,83.0,visual_design,경희대_visual_design,경희대,재현작,476
data/crawled/raw_images/2624_0.jpg,B,55.5,fine_art,건국대_fine_art,건국대,재현작,2624
data/crawled/raw_images/3196_0.jpg,A,79.4,visual_design,건국대_visual_design,건국대,재현작,3196
data/crawled/raw_images/3540_0.jpg,A,70.4,design_general,연세대_design_general,연세대,평소작,3540
data/crawled/raw_images/868_0.jpg,C,32.3,design_general,인천가톨릭대_design_general,인천가톨릭대,평소작,868
data/crawled/raw_images/957_0.jpg,A,74.3,craft,중앙대_craft,중앙대,평소작,957
data/crawled/raw_images/3087_0.jpeg,B,48.8,interior,숙명여대_interior,숙명여대,재현작,3087
data/crawled/raw_images/3443_0.jpg,B,57.0,animation,청강대_animation,청강대,평소작,3443
data/crawled/raw_images/3207_0.jpg,B,49.2,sculpture,서울시립대_sculpture,서울시립대,평소작,3207
data/crawled/raw_images/3223_0.jpeg,B,49.2,sculpture,서울시립대_sculpture,서울시립대,평소작,3223
data/crawled/raw_images/1792_0.jpg,A,79.2,craft,숙명여대_craft,숙명여대,재현작,1792
data/crawled/raw_images/1500_0.jpg,B,52.2,visual_design,명지대_visual_design,명지대,재현작,1500
data/crawled/raw_images/1321_0.jpg,B,66.5,craft,서울여대_craft,서울여대,재현작,1321
data/crawled/raw_images/493_0.jpg,S,84.5,industrial_design,국민대_industrial_design,국민대,평소작,493
data/crawled/raw_images/3505_0.jpg,B,64.8,industrial_design,상명대_industrial_design,상명대,평소작,3505
data/crawled/raw_images/1611_0.jpg,A,66.2,visual_design,국민대_visual_design,국민대,평소작,1611
data/crawled/raw_images/2242_0.jpg,A,76.3,industrial_design,건국대_industrial_design,건국대,재현작,2242
data/crawled/raw_images/2101_0.jpg,C,49.3,design_general,삼육대_design_general,삼육대,재현작,2101
data/crawled/raw_images/3332_0.jpg,A,81.8,fine_art,경희대_fine_art,경희대,평소작,3332
data/crawled/raw_images/389_0.png,A,76.3,fine_art,이화여대_fine_art,이화여대,재현작,389
data/crawled/raw_images/2605_0.jpg,B,50.7,animation,청강대_animation,청강대,재현작,2605
data/crawled/raw_images/3032_0.jpg,B,63.2,industrial_design,상명대_industrial_design,상명대,재현작,3032
data/crawled/raw_images/3693_0.png,A,70.0,design_general,한양대_design_general,한양대,재현작,3693
data/crawled/raw_images/3576_0.jpg,A,66.8,visual_design,성균관대_visual_design,성균관대,재현작,3576
data/crawled/raw_images/2322_0.jpg,A,83.2,fashion,경희대_fashion,경희대,재현작,2322
data/crawled/raw_images/1150_0.jpg,C,41.2,visual_design,용인대_visual_design,용인대,평소작,1150
data/crawled/raw_images/458_0.jpg,A,76.3,fine_art,이화여대_fine_art,이화여대,평소작,458
data/crawled/raw_images/3735_0.jpg,A,67.7,industrial_design,중앙대_industrial_design,중앙대,unknown,3735
data/crawled/raw_images/687_0.jpg,B,58.4,craft,서울과기대_craft,서울과기대,평소작,687
data/crawled/raw_images/1874_0.jpg,A,81.8,visual_design,중앙대_visual_design,중앙대,재현작,1874
data/crawled/raw_images/705_0.jpg,B,53.1,animation,청강대_animation,청강대,재현작,705
data/crawled/raw_images/263_0.png,B,55.0,fine_art,건국대_fine_art,건국대,평소작,263
data/crawled/raw_images/386_0.png,B,67.2,industrial_design,서울여대_industrial_design,서울여대,평소작,386
data/crawled/raw_images/2372_0.jpg,A,83.2,visual_design,경희대_visual_design,경희대,평소작,2372
data/crawled/raw_images/1244_0.jpg,A,72.0,visual_design,경희대_visual_design,경희대,평소작,1244
data/crawled/raw_images/3790_0.jpg,A,70.0,design_general,한양대_design_general,한양대,재현작,3790
data/crawled/raw_images/1001_0.jpg,A,77.3,fine_art,성신여대_fine_art,성신여대,평소작,1001
data/crawled/raw_images/3634_0.jpg,A,65.3,industrial_design,경희대_industrial_design,경희대,재현작,3634
data/crawled/raw_images/348_0.png,B,48.3,visual_design,서울시립대_visual_design,서울시립대,평소작,348
data/crawled/raw_images/1071_0.jpg,B,48.1,visual_design,숙명여대_visual_design,숙명여대,재현작,1071
data/crawled/raw_images/1621_0.jpg,B,62.0,industrial_design,서울과기대_industrial_design,서울과기대,평소작,1621
data/crawled/raw_images/1215_0.jpg,B,65.8,industrial_design,가천대_industrial_design,가천대,재현작,1215
data/crawled/raw_images/1345_0.jpg,A,81.3,visual_design,건국대_visual_design,건국대,재현작,1345
data/crawled/raw_images/3928_0.jpg,B,65.1,design_general,한성대_design_general,한성대,평소작,3928
data/crawled/raw_images/1335_0.jpg,A,66.5,fine_art,이화여대_fine_art,이화여대,평소작,1335
data/crawled/raw_images/3827_0.jpg,S,87.2,fine_art,서울대_fine_art,서울대,unknown,3827
data/crawled/raw_images/711_0.jpg,B,55.0,industrial_design,서울과기대_industrial_design,서울과기대,재현작,711
data/crawled/raw_images/2837_0.jpg,B,50.5,visual_design,가천대_visual_design,가천대,재현작,2837
data/crawled/raw_images/1231_0.jpg,B,67.0,visual_design,동덕여대_visual_design,동덕여대,재현작,1231
data/crawled/raw_images/2051_0.jpg,A,71.6,craft,중앙대_craft,중앙대,평소작,2051
data/crawled/raw_images/3368_0.jpg,A,83.4,fashion,경희대_fashion,경희대,재현작,3368
data/crawled/raw_images/3888_0.jpg,B,54.8,animation,청강대_animation,청강대,재현작,3888
data/crawled/raw_images/1081_0.jpg,A,75.1,industrial_design,건국대_industrial_design,건국대,재현작,1081
data/crawled/raw_images/2918_0.jpg,A,76.6,fine_art,성신여대_fine_art,성신여대,평소작,2918
data/crawled/raw_images/865_0.jpg,B,66.3,industrial_design,서울여대_industrial_design,서울여대,평소작,865
data/crawled/raw_images/749_0.jpg,A,77.3,fine_art,성신여대_fine_art,성신여대,재현작,749
data/crawled/raw_images/3021_0.jpg,B,61.8,fashion,동덕여대_fashion,동덕여대,재현작,3021
data/crawled/raw_images/1484_0.jpg,B,50.2,craft,서울과기대_craft,서울과기대,재현작,1484
data/crawled/raw_images/3088_0.jpg,A,78.8,craft,성신여대_craft,성신여대,재현작,3088
data/crawled/raw_images/1285_0.jpg,A,78.7,craft,숙명여대_craft,숙명여대,재현작,1285
data/crawled/raw_images/3706_0.jpg,C,47.6,design_general,수원대_design_general,수원대,재현작,3706
data/crawled/raw_images/2832_0.jpg,A,83.2,visual_design,경희대_visual_design,경희대,재현작,2832
data/crawled/raw_images/938_0.jpg,A,72.0,sculpture,국민대_sculpture,국민대,평소작,938
data/crawled/raw_images/297_0.jpg,B,55.0,fine_art,건국대_fine_art,건국대,평소작,297
data/crawled/raw_images/3759_0.jpg,B,55.0,animation,청강대_animation,청강대,평소작,3759
data/crawled/raw_images/2576_0.jpg,A,79.9,interior,건국대_interior,건국대,재현작,2576
data/crawled/raw_images/323_0.jpg,A,70.7,visual_design,한양대_visual_design,한양대,평소작,323
data/crawled/raw_images/1129_0.jpg,C,31.0,design_general,인천가톨릭대_design_general,인천가톨릭대,평소작,1129
data/crawled/raw_images/2488_0.jpg,A,81.5,visual_design,건국대_visual_design,건국대,평소작,2488
data/crawled/raw_images/3227_0.jpg,B,52.2,craft,서울과기대_craft,서울과기대,재현작,3227
data/crawled/raw_images/792_0.jpg,B,53.3,fine_art,가천대_fine_art,가천대,재현작,792
data/crawled/raw_images/2677_0.jpg,B,54.0,fine_art,가천대_fine_art,가천대,평소작,2677
data/crawled/raw_images/548_0.jpg,A,66.6,fashion,국민대_fashion,국민대,평소작,548
data/crawled/raw_images/706_0.jpg,B,63.6,design_general,인하대_design_general,인하대,재현작,706
data/crawled/raw_images/2736_0.jpg,B,51.5,visual_design,가천대_visual_design,가천대,평소작,2736
data/crawled/raw_images/3613_0.jpg,A,71.3,design_general,이화여대_design_general,이화여대,재현작,3613
data/crawled/raw_images/811_0.jpg,A,77.6,fine_art,성신여대_fine_art,성신여대,평소작,811
data/crawled/raw_images/2350_0.jpg,B,63.4,craft,동덕여대_craft,동덕여대,재현작,2350
data/crawled/raw_images/1817_0.jpg,B,68.0,visual_design,서울여대_visual_design,서울여대,재현작,1817
data/crawled/raw_images/2284_0.jpg,A,82.5,craft,성신여대_craft,성신여대,평소작,2284
data/crawled/raw_images/2952_0.jpg,B,66.9,industrial_design,서울여대_industrial_design,서울여대,재현작,2952
data/crawled/raw_images/2383_0.jpg,B,61.7,industrial_design,상명대_industrial_design,상명대,unknown,2383
data/crawled/raw_images/926_0.jpg,B,49.3,sculpture,서울시립대_sculpture,서울시립대,평소작,926
data/crawled/raw_images/2721_0.jpg,A,74.0,fine_art,중앙대_fine_art,중앙대,평소작,2721
data/crawled/raw_images/2946_0.jpg,C,49.5,visual_design,서경대_visual_design,서경대,재현작,2946
data/crawled/raw_images/949_0.jpg,A,66.5,fine_art,성신여대_fine_art,성신여대,평소작,949
data/crawled/raw_images/2132_0.jpg,C,40.5,visual_design,서경대_visual_design,서경대,재현작,2132
data/crawled/raw_images/3874_0.jpg,B,61.0,visual_design,단국대_visual_design,단국대,평소작,3874
data/crawled/raw_images/1372_0.jpg,B,56.0,design_general,상명대_design_general,상명대,재현작,1372
data/crawled/raw_images/2294_0.jpg,B,54.6,fine_art,가천대_fine_art,가천대,평소작,2294
data/crawled/raw_images/292_0.jpg,A,75.3,fine_art,동국대_fine_art,동국대,평소작,292
data/crawled/raw_images/3615_0.jpg,B,50.5,craft,서울과기대_craft,서울과기대,재현작,3615
data/crawled/raw_images/1061_0.jpg,A,68.5,fine_art,경희대_fine_art,경희대,평소작,1061
data/crawled/raw_images/3328_0.jpg,B,60.1,industrial_design,가천대_industrial_design,가천대,평소작,3328
data/crawled/raw_images/1085_0.jpg,A,79.0,visual_design,서울과기대_visual_design,서울과기대,평소작,1085
data/crawled/raw_images/795_0.jpeg,B,65.0,fashion,동덕여대_fashion,동덕여대,재현작,795
data/crawled/raw_images/1525_0.jpg,A,72.0,visual_design,성균관대_visual_design,성균관대,평소작,1525
data/crawled/raw_images/271_0.jpg,A,78.5,fine_art,이화여대_fine_art,이화여대,재현작,271
data/crawled/raw_images/2024_0.jpg,S,95.9,fine_art,서울대_fine_art,서울대,재현작,2024
data/crawled/raw_images/1683_0.jpg,A,75.0,fine_art,성신여대_fine_art,성신여대,평소작,1683
data/crawled/raw_images/1542_0.jpg,C,49.4,visual_design,서경대_visual_design,서경대,재현작,1542
data/crawled/raw_images/2419_0.jpg,A,81.4,visual_design,건국대_visual_design,건국대,평소작,2419
data/crawled/raw_images/1273_0.jpg,S,90.0,fine_art,서울대_fine_art,서울대,재현작,1273
data/crawled/raw_images/3427_0.jpg,A,80.5,design_general,건국대_design_general,건국대,재현작,3427
data/crawled/raw_images/800_0.jpg,B,65.4,visual_design,단국대_visual_design,단국대,재현작,800
data/crawled/raw_images/1504_0.jpg,A,78.7,craft,숙명여대_craft,숙명여대,재현작,1504
data/crawled/raw_images/2153_0.jpg,A,80.7,visual_design,건국대_visual_design,건국대,재현작,2153
data/crawled/raw_images/3034_0.jpg,A,82.7,craft,중앙대_craft,중앙대,재현작,3034
data/crawled/raw_images/2907_0.jpg,A,75.4,fine_art,경희대_fine_art,경희대,평소작,2907
data/crawled/raw_images/2414_0.jpg,A,72.2,design_general,홍익대_design_general,홍익대,평소작,2414
data/crawled/raw_images/2557_0.jpg,A,79.5,craft,숙명여대_craft,숙명여대,재현작,2557
data/crawled/raw_images/511_0.jpg,A,78.8,fine_art,경희대_fine_art,경희대,평소작,511
data/crawled/raw_images/3866_0.jpeg,B,59.4,fine_art,단국대_fine_art,단국대,평소작,3866
data/crawled/raw_images/3823_0.jpg,S,87.2,fine_art,서울대_fine_art,서울대,평소작,3823
data/crawled/raw_images/2715_0.jpg,A,73.7,visual_design,한양대_visual_design,한양대,재현작,2715
data/crawled/raw_images/2392_0.jpg,B,57.4,fine_art,단국대_fine_art,단국대,재현작,2392
data/crawled/raw_images/1053_0.jpg,B,57.9,fine_art,건국대_fine_art,건국대,재현작,1053
data/crawled/raw_images/1532_0.jpg,B,51.2,design_general,상명대_design_general,상명대,재현작,1532
data/crawled/raw_images/2982_0.jpg,A,82.3,craft,성신여대_craft,성신여대,재현작,2982
data/crawled/raw_images/1173_0.jpg,C,39.1,visual_design,남서울대_visual_design,남서울대,평소작,1173
data/crawled/raw_images/3580_0.jpg,A,68.8,craft,숙명여대_craft,숙명여대,재현작,3580
data/crawled/raw_images/2780_0.jpg,C,36.3,visual_design,서경대_visual_design,서경대,재현작,2780
data/crawled/raw_images/1558_0.jpg,B,51.2,design_general,상명대_design_general,상명대,재현작,1558
data/crawled/raw_images/3322_0.jpg,A,81.8,fine_art,경희대_fine_art,경희대,재현작,3322
data/crawled/raw_images/1742_0.jpg,C,35.3,industrial_design,협성대_industrial_design,협성대,평소작,1742
data/crawled/raw_images/2135_0.jpg,B,63.4,design_general,경기대_design_general,경기대,재현작,2135
data/crawled/raw_images/1908_0.jpg,B,55.4,craft,서울여대_craft,서울여대,평소작,1908
data/crawled/raw_images/3426_0.jpg,C,32.6,design_general,인천가톨릭대_design_general,인천가톨릭대,평소작,3426
data/crawled/raw_images/2086_0.jpg,B,51.9,craft,서울과기대_craft,서울과기대,재현작,2086
data/crawled/raw_images/406_0.jpg,B,59.8,design_general,한성대_design_general,한성대,재현작,406
data/crawled/raw_images/2903_0.jpg,B,61.4,craft,단국대_craft,단국대,재현작,2903
data/crawled/raw_images/3539_0.jpg,A,69.2,design_general,한양대_design_general,한양대,재현작,3539
data/crawled/raw_images/3026_0.jpg,C,49.1,design_general,삼육대_design_general,삼육대,재현작,3026
data/crawled/raw_images/3337_0.jpeg,B,64.1,fashion,동덕여대_fashion,동덕여대,평소작,3337
data/crawled/raw_images/3304_0.jpg,B,57.1,animation,청강대_animation,청강대,평소작,3304
data/crawled/raw_images/2301_0.jpg,B,57.6,fine_art,건국대_fine_art,건국대,재현작,2301
data/crawled/raw_images/3856_0.jpg,C,42.6,industrial_design,협성대_industrial_design,협성대,평소작,3856
data/crawled/raw_images/2195_0.png,B,52.2,visual_design,명지대_visual_design,명지대,평소작,2195
data/crawled/raw_images/3815_0.jpg,A,66.3,visual_design,국민대_visual_design,국민대,재현작,3815
data/crawled/raw_images/3921_0.jpg,A,81.6,craft,성신여대_craft,성신여대,재현작,3921
data/crawled/raw_images/3109_0.jpg,C,46.8,design_general,삼육대_design_general,삼육대,평소작,3109
data/crawled/raw_images/744_0.jpg,B,65.8,industrial_design,성신여대_industrial_design,성신여대,재현작,744
data/crawled/raw_images/3666_0.jpg,A,76.3,visual_design,경희대_visual_design,경희대,재현작,3666
data/crawled/raw_images/3266_0.jpg,B,51.8,visual_design,단국대_visual_design,단국대,재현작,3266
data/crawled/raw_images/1505_0.jpg,B,58.7,craft,서울여대_craft,서울여대,평소작,1505
data/crawled/raw_images/3738_0.jpg,B,58.8,design_general,상명대_design_general,상명대,재현작,3738
data/crawled/raw_images/280_0.jpg,A,73.8,craft,중앙대_craft,중앙대,평소작,280
data/crawled/raw_images/2652_0.jpg,B,57.6,industrial_design,서울여대_industrial_design,서울여대,재현작,2652
data/crawled/raw_images/241_0.png,A,69.0,fine_art,중앙대_fine_art,중앙대,평소작,241
data/crawled/raw_images/3303_0.jpg,B,57.1,animation,청강대_animation,청강대,평소작,3303
data/crawled/raw_images/3781_0.jpg,B,57.9,design_general,경기대_design_general,경기대,평소작,3781
data/crawled/raw_images/833_0.jpg,C,46.4,design_general,백석대_design_general,백석대,재현작,833
data/crawled/raw_images/2311_0.jpg,A,81.4,visual_design,건국대_visual_design,건국대,재현작,2311
data/crawled/raw_images/1868_0.jpg,A,82.7,craft,성신여대_craft,성신여대,평소작,1868
data/crawled/raw_images/1863_0.jpg,A,82.0,craft,중앙대_craft,중앙대,평소작,1863
data/crawled/raw_images/3632_0.jpg,B,53.8,design_general,상명대_design_general,상명대,재현작,3632
data/crawled/raw_images/2228_0.jpg,A,82.7,craft,성신여대_craft,성신여대,평소작,2228
data/crawled/raw_images/3346_0.jpg,C,32.6,design_general,인천가톨릭대_design_general,인천가톨릭대,평소작,3346
data/crawled/raw_images/3699_0.jpg,A,76.9,industrial_design,건국대_industrial_design,건국대,재현작,3699
data/crawled/raw_images/1467_0.jpeg,A,72.0,visual_design,건국대_visual_design,건국대,재현작,1467
data/crawled/raw_images/2564_0.jpg,A,73.4,design_general,고려대_design_general,고려대,재현작,2564
data/crawled/raw_images/2525_0.jpg,A,82.4,craft,성신여대_craft,성신여대,평소작,2525
data/crawled/raw_images/2403_0.jpg,B,52.9,fine_art,가천대_fine_art,가천대,평소작,2403
data/crawled/raw_images/2286_0.jpg,B,67.7,visual_design,서울여대_visual_design,서울여대,재현작,2286
data/crawled/raw_images/319_0.jpg,B,50.0,interior,숙명여대_interior,숙명여대,재현작,319
data/crawled/raw_images/2245_0.jpg,A,72.7,fine_art,경희대_fine_art,경희대,평소작,2245
data/crawled/raw_images/3113_0.jpg,A,67.8,craft,국민대_craft,국민대,재현작,3113
data/crawled/raw_images/2977_0.jpg,C,44.6,design_general,백석대_design_general,백석대,평소작,2977
data/crawled/raw_images/927_0.jpg,A,75.8,fine_art,동국대_fine_art,동국대,평소작,927
data/crawled/raw_images/3036_0.jpg,A,67.7,craft,국민대_craft,국민대,재현작,3036
data/crawled/raw_images/1182_0.jpg,B,55.0,visual_design,서울여대_visual_design,서울여대,재현작,1182
data/crawled/raw_images/1949_0.jpg,B,49.6,sculpture,서울시립대_sculpture,서울시립대,평소작,1949
data/crawled/raw_images/2075_0.jpg,B,50.4,design_general,상명대_design_general,상명대,재현작,2075
data/crawled/raw_images/727_0.jpg,A,76.2,fine_art,이화여대_fine_art,이화여대,재현작,727
data/crawled/raw_images/3919_0.jpg,B,59.6,fashion,동덕여대_fashion,동덕여대,재현작,3919
data/crawled/raw_images/3009_0.jpg,B,67.2,design_general,덕성여대_design_general,덕성여대,재현작,3009
data/crawled/raw_images/1087_0.jpg,B,52.2,design_general,상명대_design_general,상명대,평소작,1087
data/crawled/raw_images/3077_0.jpg,B,49.2,industrial_design,서울과기대_industrial_design,서울과기대,재현작,3077
data/crawled/raw_images/561_0.jpg,B,56.5,interior,동덕여대_interior,동덕여대,재현작,561
data/crawled/raw_images/1814_0.jpg,B,65.2,fashion,동덕여대_fashion,동덕여대,재현작,1814
data/crawled/raw_images/392_0.png,A,68.0,fine_art,경희대_fine_art,경희대,재현작,392
data/crawled/raw_images/3597_0.png,S,89.6,design_general,서울대_design_general,서울대,재현작,3597
data/crawled/raw_images/1781_0.jpg,C,43.3,design_general,백석대_design_general,백석대,재현작,1781
data/crawled/raw_images/3772_0.jpg,B,50.8,visual_design,서울시립대_visual_design,서울시립대,재현작,3772
data/crawled/raw_images/2976_0.jpg,A,81.1,fine_art,경희대_fine_art,경희대,평소작,2976
data/crawled/raw_images/2016_0.jpg,B,49.2,sculpture,서울시립대_sculpture,서울시립대,unknown,2016
data/crawled/raw_images/794_0.jpg,B,64.4,design_general,경기대_design_general,경기대,재현작,794
data/crawled/raw_images/940_0.jpeg,A,77.8,visual_design,건국대_visual_design,건국대,재현작,940
data/crawled/raw_images/2963_0.jpg,A,78.7,fine_art,중앙대_fine_art,중앙대,평소작,2963
data/crawled/raw_images/3018_0.jpg,B,61.6,craft,서울과기대_craft,서울과기대,재현작,3018
data/crawled/raw_images/3250_0.jpg,A,73.6,visual_design,경희대_visual_design,경희대,재현작,3250
data/crawled/raw_images/3887_0.jpg,B,54.8,animation,청강대_animation,청강대,재현작,3887
data/crawled/raw_images/3467_0.jpg,B,57.2,animation,청강대_animation,청강대,평소작,3467
data/crawled/raw_images/3452_0.jpg,B,59.7,craft,서울과기대_craft,서울과기대,재현작,3452
data/crawled/raw_images/1942_0.jpg,B,48.4,visual_design,숙명여대_visual_design,숙명여대,재현작,1942
data/crawled/raw_images/989_0.jpg,A,72.0,fine_art,경희대_fine_art,경희대,평소작,989
data/crawled/raw_images/3804_0.jpg,A,82.1,design_general,한양대_design_general,한양대,재현작,3804
data/crawled/raw_images/723_0.jpg,C,37.3,design_general,인천대_design_general,인천대,평소작,723
data/crawled/raw_images/2247_0.jpg,A,70.3,sculpture,국민대_sculpture,국민대,평소작,2247
data/crawled/raw_images/1584_0.jpg,S,95.1,fine_art,서울대_fine_art,서울대,unknown,1584
data/crawled/raw_images/1706_0.jpg,B,57.6,design_general,한성대_design_general,한성대,재현작,1706
data/crawled/raw_images/2147_0.jpg,B,48.4,visual_design,숙명여대_visual_design,숙명여대,재현작,2147
data/crawled/raw_images/1283_0.jpg,B,64.5,craft,동덕여대_craft,동덕여대,재현작,1283
data/crawled/raw_images/1554_0.jpg,B,65.2,design_general,인하대_design_general,인하대,재현작,1554
data/crawled/raw_images/3694_0.jpg,B,53.8,visual_design,동덕여대_visual_design,동덕여대,재현작,3694
data/crawled/raw_images/2947_0.jpg,C,48.0,design_general,수원대_design_general,수원대,재현작,2947
data/crawled/raw_images/2590_0.jpg,A,77.1,visual_design,건국대_visual_design,건국대,재현작,2590
data/crawled/raw_images/3574_0.jpg,A,67.7,industrial_design,중앙대_industrial_design,중앙대,재현작,3574
data/crawled/raw_images/1934_0.jpg,A,65.9,fine_art,이화여대_fine_art,이화여대,unknown,1934
data/crawled/raw_images/2547_0.png,S,89.9,fine_art,서울대_fine_art,서울대,평소작,2547
data/crawled/raw_images/1976_0.jpg,A,68.1,visual_design,성균관대_visual_design,성균관대,재현작,1976
data/crawled/raw_images/3799_0.jpg,B,56.1,industrial_design,단국대_industrial_design,단국대,재현작,3799
data/crawled/raw_images/3681_0.jpeg,B,49.2,sculpture,서울시립대_sculpture,서울시립대,평소작,3681
data/crawled/raw_images/3043_0.png,A,65.7,design_general,홍익대_design_general,홍익대,평소작,3043
data/crawled/raw_images/826_0.jpg,A,79.0,visual_design,서울과기대_visual_design,서울과기대,재현작,826
data/crawled/raw_images/543_0.jpg,A,75.6,visual_design,경희대_visual_design,경희대,평소작,543
data/crawled/raw_images/1190_0.jpg,B,66.7,craft,서울여대_craft,서울여대,재현작,1190
data/crawled/raw_images/1649_0.jpg,B,54.3,animation,청강대_animation,청강대,재현작,1649
data/crawled/raw_images/719_0.jpg,B,55.0,visual_design,동덕여대_visual_design,동덕여대,평소작,719
data/crawled/raw_images/3203_0.jpg,A,72.6,visual_design,한양대_visual_design,한양대,재현작,3203
data/crawled/raw_images/3550_0.jpg,A,73.9,fine_art,동국대_fine_art,동국대,unknown,3550
data/crawled/raw_images/2258_0.jpg,A,76.5,fine_art,중앙대_fine_art,중앙대,평소작,2258
data/crawled/raw_images/1194_0.jpg,A,78.7,craft,숙명여대_craft,숙명여대,재현작,1194
data/crawled/raw_images/443_0.jpg,B,59.8,animation,청강대_animation,청강대,평소작,443
data/crawled/raw_images/1989_0.jpg,B,55.0,fine_art,성균관대_fine_art,성균관대,평소작,1989
data/crawled/raw_images/1806_0.jpg,B,60.2,animation,청강대_animation,청강대,평소작,1806
data/crawled/raw_images/1946_0.jpg,B,49.6,sculpture,서울시립대_sculpture,서울시립대,unknown,1946
data/crawled/raw_images/3679_0.jpeg,A,73.9,fine_art,동국대_fine_art,동국대,평소작,3679
data/crawled/raw_images/1159_0.jpg,B,55.2,animation,청강대_animation,청강대,평소작,1159
data/crawled/raw_images/2246_0.jpg,A,75.5,fine_art,동국대_fine_art,동국대,평소작,2246
data/crawled/raw_images/2380_0.jpg,B,67.5,industrial_design,성신여대_industrial_design,성신여대,평소작,2380
data/crawled/raw_images/1630_0.jpeg,A,83.9,fine_art,경희대_fine_art,경희대,재현작,1630
data/crawled/raw_images/2589_0.jpg,B,56.2,design_general,인하대_design_general,인하대,재현작,2589
data/crawled/raw_images/3409_0.jpg,B,63.2,visual_design,가천대_visual_design,가천대,재현작,3409
data/crawled/raw_images/2513_0.jpg,A,65.2,visual_design,국민대_visual_design,국민대,재현작,2513
data/crawled/raw_images/1645_0.jpg,B,60.5,fashion,건국대_fashion,건국대,재현작,1645
data/crawled/raw_images/1609_0.jpg,C,47.8,industrial_design,서경대_industrial_design,서경대,재현작,1609
data/crawled/raw_images/2462_0.jpg,A,81.5,visual_design,건국대_visual_design,건국대,평소작,2462
data/crawled/raw_images/2586_0.jpg,A,81.0,industrial_design,건국대_industrial_design,건국대,재현작,2586
data/crawled/raw_images/2539_0.jpg,A,65.4,fashion,국민대_fashion,국민대,재현작,2539
data/crawled/raw_images/2972_0.jpg,A,76.6,fine_art,성신여대_fine_art,성신여대,unknown,2972
data/crawled/raw_images/2187_0.jpg,B,52.3,design_general,경기대_design_general,경기대,평소작,2187
data/crawled/raw_images/939_0.jpg,B,55.0,fine_art,단국대_fine_art,단국대,평소작,939
data/crawled/raw_images/2303_0.jpg,B,66.6,interior,동덕여대_interior,동덕여대,평소작,2303
data/crawled/raw_images/1221_0.jpg,S,94.5,fine_art,서울대_fine_art,서울대,평소작,1221
data/crawled/raw_images/2388_0.jpg,B,66.8,design_general,덕성여대_design_general,덕성여대,unknown,2388
data/crawled/raw_images/953_0.jpg,B,54.5,animation,청강대_animation,청강대,평소작,953
data/crawled/raw_images/1267_0.jpg,B,67.6,design_general,덕성여대_design_general,덕성여대,재현작,1267
data/crawled/raw_images/917_0.jpg,A,75.1,industrial_design,건국대_industrial_design,건국대,재현작,917
data/crawled/raw_images/2700_0.jpg,A,78.8,visual_design,건국대_visual_design,건국대,재현작,2700
data/crawled/raw_images/3584_0.jpg,A,73.9,fine_art,동국대_fine_art,동국대,unknown,3584
data/crawled/raw_images/3806_0.jpg,B,48.0,visual_design,숙명여대_visual_design,숙명여대,재현작,3806
data/crawled/raw_images/3873_0.jpg,B,61.9,interior,동덕여대_interior,동덕여대,평소작,3873
data/crawled/raw_images/3122_0.jpg,A,70.8,design_general,이화여대_design_general,이화여대,재현작,3122
data/crawled/raw_images/3370_0.jpg,B,60.9,design_general,경기대_design_general,경기대,재현작,3370
data/crawled/raw_images/1843_0.jpg,A,80.7,visual_design,건국대_visual_design,건국대,평소작,1843
data/crawled/raw_images/1998_0.jpg,B,48.7,fine_art,성균관대_fine_art,성균관대,평소작,1998
data/crawled/raw_images/742_0.jpg,A,76.2,fine_art,이화여대_fine_art,이화여대,평소작,742
data/crawled/raw_images/3649_0.jpg,B,55.7,fashion,동덕여대_fashion,동덕여대,재현작,3649
data/crawled/raw_images/1148_0.jpg,B,67.1,interior,동덕여대_interior,동덕여대,평소작,1148
data/crawled/raw_images/3465_0.jpg,A,80.8,industrial_design,중앙대_industrial_design,중앙대,재현작,3465
data/crawled/raw_images/3293_0.jpeg,S,83.7,industrial_design,국민대_industrial_design,국민대,재현작,3293
data/crawled/raw_images/3310_0.jpeg,B,67.9,visual_design,서울여대_visual_design,서울여대,재현작,3310
data/crawled/raw_images/2692_0.jpg,A,75.1,interior,건국대_interior,건국대,재현작,2692
data/crawled/raw_images/252_0.png,A,68.0,fine_art,성신여대_fine_art,성신여대,평소작,252
data/crawled/raw_images/2842_0.jpg,S,89.4,design_general,서울대_design_general,서울대,재현작,2842
data/crawled/raw_images/3690_0.jpg,B,51.0,industrial_design,서울여대_industrial_design,서울여대,unknown,3690
data/crawled/raw_images/471_0.jpg,B,66.1,craft,단국대_craft,단국대,평소작,471
data/crawled/raw_images/567_0.jpg,B,64.5,industrial_design,상명대_industrial_design,상명대,평소작,567
data/crawled/raw_images/2079_0.jpg,B,51.3,craft,서울과기대_craft,서울과기대,재현작,2079
data/crawled/raw_images/1241_0.jpg,A,81.7,visual_design,한양대_visual_design,한양대,재현작,1241
data/crawled/raw_images/3774_0.jpg,B,52.8,animation,청강대_animation,청강대,평소작,3774
data/crawled/raw_images/2766_0.jpg,B,56.4,craft,동덕여대_craft,동덕여대,재현작,2766
data/crawled/raw_images/3488_0.jpg,B,65.5,design_general,한성대_design_general,한성대,재현작,3488
data/crawled/raw_images/1282_0.jpg,A,81.3,visual_design,건국대_visual_design,건국대,재현작,1282
data/crawled/raw_images/2909_0.jpg,B,61.8,fashion,동덕여대_fashion,동덕여대,재현작,2909
data/crawled/raw_images/1167_0.jpg,A,77.6,fine_art,성신여대_fine_art,성신여대,평소작,1167
data/crawled/raw_images/606_0.jpg,A,68.1,visual_design,한양대_visual_design,한양대,평소작,606
data/crawled/raw_images/2800_0.jpg,B,50.5,industrial_design,서울과기대_industrial_design,서울과기대,평소작,2800
data/crawled/raw_images/1993_0.jpg,A,67.4,visual_design,중앙대_visual_design,중앙대,재현작,1993
data/crawled/raw_images/634_0.jpg,A,66.6,visual_design,성균관대_visual_design,성균관대,평소작,634
data/crawled/raw_images/3019_0.jpg,B,66.0,visual_design,동덕여대_visual_design,동덕여대,재현작,3019
data/crawled/raw_images/986_0.jpg,A,69.1,craft,성신여대_craft,성신여대,재현작,986
data/crawled/raw_images/3355_0.jpg,A,79.3,fine_art,성신여대_fine_art,성신여대,평소작,3355
data/crawled/raw_images/473_0.jpg,A,77.9,fine_art,성신여대_fine_art,성신여대,평소작,473
data/crawled/raw_images/1955_0.jpg,S,95.9,fine_art,서울대_fine_art,서울대,평소작,1955
data/crawled/raw_images/2012_0.jpeg,A,70.3,sculpture,국민대_sculpture,국민대,평소작,2012
data/crawled/raw_images/1130_0.jpg,C,46.2,visual_design,용인대_visual_design,용인대,평소작,1130
data/crawled/raw_images/1887_0.jpg,B,62.9,industrial_design,상명대_industrial_design,상명대,평소작,1887
data/crawled/raw_images/1140_0.jpg,A,78.6,visual_design,서울과기대_visual_design,서울과기대,평소작,1140
data/crawled/raw_images/1341_0.jpg,A,79.5,design_general,이화여대_design_general,이화여대,평소작,1341
data/crawled/raw_images/1271_0.jpg,B,64.9,visual_design,단국대_visual_design,단국대,재현작,1271
data/crawled/raw_images/2690_0.jpg,B,53.4,visual_design,단국대_visual_design,단국대,재현작,2690
data/crawled/raw_images/1965_0.jpg,A,68.3,design_general,연세대_design_general,연세대,재현작,1965
data/crawled/raw_images/1205_0.jpg,A,72.0,fine_art,성신여대_fine_art,성신여대,평소작,1205
data/crawled/raw_images/654_0.jpg,B,55.7,craft,단국대_craft,단국대,재현작,654
data/crawled/raw_images/2730_0.jpg,B,57.4,industrial_design,성신여대_industrial_design,성신여대,unknown,2730
data/crawled/raw_images/2718_0.jpg,A,76.7,visual_design,건국대_visual_design,건국대,재현작,2718
data/crawled/raw_images/898_0.jpg,B,49.2,sculpture,서울시립대_sculpture,서울시립대,평소작,898
data/crawled/raw_images/2244_0.jpg,A,72.7,fine_art,경희대_fine_art,경희대,평소작,2244
data/crawled/raw_images/696_0.jpg,B,58.7,design_general,상명대_design_general,상명대,평소작,696
data/crawled/raw_images/3125_0.jpg,A,83.7,visual_design,경희대_visual_design,경희대,재현작,3125
data/crawled/raw_images/446_0.jpg,B,56.6,visual_design,숙명여대_visual_design,숙명여대,평소작,446
data/crawled/raw_images/1153_0.jpg,A,80.4,industrial_design,건국대_industrial_design,건국대,평소작,1153
data/crawled/raw_images/502_0.jpg,B,60.8,fine_art,단국대_fine_art,단국대,평소작,502
data/crawled/raw_images/3877_0.jpg,B,52.3,fine_art,가천대_fine_art,가천대,평소작,3877
data/crawled/raw_images/375_0.jpg,B,59.0,fashion,인하대_fashion,인하대,평소작,375
data/crawled/raw_images/3424_0.jpg,C,48.1,design_general,수원대_design_general,수원대,재현작,3424
data/crawled/raw_images/1603_0.jpg,A,78.5,fine_art,이화여대_fine_art,이화여대,평소작,1603
data/crawled/raw_images/3658_0.jpg,B,50.8,fashion,동덕여대_fashion,동덕여대,재현작,3658
data/crawled/raw_images/1089_0.jpg,A,65.3,fine_art,성신여대_fine_art,성신여대,평소작,1089
data/crawled/raw_images/732_0.jpg,B,62.7,craft,단국대_craft,단국대,재현작,732
data/crawled/raw_images/1459_0.jpg,A,72.8,visual_design,한양대_visual_design,한양대,재현작,1459
data/crawled/raw_images/317_0.png,B,54.5,animation,청강대_animation,청강대,재현작,317
data/crawled/raw_images/3197_0.jpg,B,58.0,craft,서울여대_craft,서울여대,재현작,3197
data/crawled/raw_images/2290_0.jpg,B,67.7,visual_design,서울여대_visual_design,서울여대,재현작,2290
data/crawled/raw_images/1622_0.jpg,B,54.3,animation,청강대_animation,청강대,재현작,1622
data/crawled/raw_images/2197_0.jpg,B,61.2,visual_design,명지대_visual_design,명지대,평소작,2197
data/crawled/raw_images/417_0.jpg,A,79.7,fine_art,경희대_fine_art,경희대,재현작,417
data/crawled/raw_images/992_0.jpg,A,70.4,craft,숙명여대_craft,숙명여대,재현작,992
data/crawled/raw_images/2983_0.jpg,B,64.5,visual_design,동덕여대_visual_design,동덕여대,재현작,2983
data/crawled/raw_images/361_0.png,B,50.0,fine_art,성균관대_fine_art,성균관대,재현작,361
data/crawled/raw_images/308_0.jpg,B,65.5,fashion,동덕여대_fashion,동덕여대,평소작,308
data/crawled/raw_images/2675_0.jpg,B,53.4,visual_design,동덕여대_visual_design,동덕여대,재현작,2675
data/crawled/raw_images/3542_0.jpg,A,69.3,design_general,홍익대_design_general,홍익대,평소작,3542
data/crawled/raw_images/1775_0.jpg,B,62.2,craft,동덕여대_craft,동덕여대,재현작,1775
data/crawled/raw_images/3208_0.jpg,A,67.8,craft,국민대_craft,국민대,재현작,3208
data/crawled/raw_images/1939_0.jpg,B,49.6,sculpture,서울시립대_sculpture,서울시립대,평소작,1939
data/crawled/raw_images/1945_0.jpg,A,67.4,visual_design,중앙대_visual_design,중앙대,재현작,1945
data/crawled/raw_images/359_0.png,A,79.4,fine_art,성신여대_fine_art,성신여대,평소작,359
data/crawled/raw_images/2274_0.jpg,B,67.5,industrial_design,성신여대_industrial_design,성신여대,재현작,2274
data/crawled/raw_images/1035_0.jpg,B,59.8,visual_design,서울시립대_visual_design,서울시립대,재현작,1035
data/crawled/raw_images/2185_0.jpg,B,52.9,fashion,건국대_fashion,건국대,평소작,2185
data/crawled/raw_images/3205_0.jpg,B,49.2,sculpture,서울시립대_sculpture,서울시립대,평소작,3205
data/crawled/raw_images/390_0.png,A,76.3,fine_art,이화여대_fine_art,이화여대,재현작,390
data/crawled/raw_images/1431_0.jpg,A,70.9,visual_design,한양대_visual_design,한양대,재현작,1431
data/crawled/raw_images/636_0.jpg,S,97.6,design_general,서울대_design_general,서울대,평소작,636
data/crawled/raw_images/3739_0.jpg,B,58.8,design_general,상명대_design_general,상명대,재현작,3739
data/crawled/raw_images/3432_0.jpg,C,49.6,industrial_design,서경대_industrial_design,서경대,재현작,3432
data/crawled/raw_images/1457_0.jpg,A,67.0,visual_design,서울과기대_visual_design,서울과기대,평소작,1457
data/crawled/raw_images/2164_0.jpg,A,69.0,design_general,이화여대_design_general,이화여대,재현작,2164
data/crawled/raw_images/2720_0.jpg,B,49.2,industrial_design,서울과기대_industrial_design,서울과기대,평소작,2720
data/crawled/raw_images/707_0.jpg,B,49.4,design_general,상명대_design_general,상명대,평소작,707
data/crawled/raw_images/2393_0.jpg,B,66.7,design_general,덕성여대_design_general,덕성여대,재현작,2393
data/crawled/raw_images/640_0.jpg,A,67.0,fine_art,경희대_fine_art,경희대,평소작,640
data/crawled/raw_images/2797_0.jpg,A,77.1,visual_design,건국대_visual_design,건국대,평소작,2797
data/crawled/raw_images/756_0.jpg,C,46.2,visual_design,용인대_visual_design,용인대,평소작,756
data/crawled/raw_images/923_0.jpeg,A,74.0,industrial_design,건국대_industrial_design,건국대,재현작,923
data/crawled/raw_images/620_0.jpg,B,58.2,fashion,건국대_fashion,건국대,평소작,620
data/crawled/raw_images/2886_0.jpg,B,63.9,industrial_design,상명대_industrial_design,상명대,평소작,2886
data/crawled/raw_images/2120_0.jpg,B,55.5,visual_design,가천대_visual_design,가천대,재현작,2120
data/crawled/raw_images/2078_0.jpg,A,71.5,design_general,고려대_design_general,고려대,재현작,2078
data/crawled/raw_images/1170_0.jpg,B,58.6,industrial_design,서울과기대_industrial_design,서울과기대,재현작,1170
data/crawled/raw_images/1165_0.jpg,S,95.1,fine_art,서울대_fine_art,서울대,평소작,1165
data/crawled/raw_images/2917_0.png,A,78.5,visual_design,서울과기대_visual_design,서울과기대,재현작,2917
data/crawled/raw_images/1628_0.jpg,B,54.3,animation,청강대_animation,청강대,재현작,1628
data/crawled/raw_images/3218_0.jpg,B,57.4,design_general,인하대_design_general,인하대,평소작,3218
data/crawled/raw_images/1871_0.jpg,B,60.4,design_general,한성대_design_general,한성대,평소작,1871
data/crawled/raw_images/1629_0.jpg,B,63.0,visual_design,단국대_visual_design,단국대,재현작,1629
data/crawled/raw_images/3335_0.jpeg,B,51.6,fine_art,가천대_fine_art,가천대,unknown,3335
data/crawled/raw_images/684_0.jpg,B,63.5,design_general,인하대_design_general,인하대,평소작,684
data/crawled/raw_images/3052_0.jpg,B,63.2,industrial_design,상명대_industrial_design,상명대,재현작,3052
data/crawled/raw_images/2035_0.jpg,B,55.9,craft,단국대_craft,단국대,평소작,2035
data/crawled/raw_images/1947_0.jpg,A,75.2,visual_design,경희대_visual_design,경희대,재현작,1947
data/crawled/raw_images/1058_0.jpg,A,72.0,fine_art,중앙대_fine_art,중앙대,평소작,1058
data/crawled/raw_images/2275_0.jpg,B,66.3,craft,서울여대_craft,서울여대,재현작,2275
data/crawled/raw_images/2333_0.jpg,A,83.7,visual_design,경희대_visual_design,경희대,재현작,2333
data/crawled/raw_images/1681_0.jpg,B,55.0,craft,동덕여대_craft,동덕여대,재현작,1681
data/crawled/raw_images/3098_0.jpg,A,66.3,visual_design,중앙대_visual_design,중앙대,재현작,3098
data/crawled/raw_images/2666_0.jpg,B,60.1,visual_design,서울여대_visual_design,서울여대,재현작,2666
data/crawled/raw_images/3893_0.jpg,B,59.8,animation,청강대_animation,청강대,재현작,3893
data/crawled/raw_images/507_0.jpg,B,65.9,fashion,동덕여대_fashion,동덕여대,재현작,507
data/crawled/raw_images/1425_0.jpg,B,56.3,industrial_design,가천대_industrial_design,가천대,재현작,1425
data/crawled/raw_images/3315_0.jpg,A,83.5,craft,성신여대_craft,성신여대,재현작,3315
data/crawled/raw_images/3131_0.jpg,B,52.0,visual_design,단국대_visual_design,단국대,재현작,3131
data/crawled/raw_images/3672_0.jpg,B,54.4,craft,동덕여대_craft,동덕여대,재현작,3672
data/crawled/raw_images/694_0.jpg,B,64.4,design_general,경기대_design_general,경기대,평소작,694
data/crawled/raw_images/2005_0.jpg,A,82.7,craft,성신여대_craft,성신여대,재현작,2005
data/crawled/raw_images/3277_0.jpeg,A,83.7,visual_design,경희대_visual_design,경희대,재현작,3277
data/crawled/raw_images/1332_0.jpg,A,78.6,fine_art,동국대_fine_art,동국대,평소작,1332
data/crawled/raw_images/1929_0.jpg,S,91.3,fine_art,서울대_fine_art,서울대,평소작,1929
data/crawled/raw_images/1840_0.jpg,B,58.5,craft,서울과기대_craft,서울과기대,재현작,1840
data/crawled/raw_images/1371_0.jpg,C,45.5,design_general,삼육대_design_general,삼육대,재현작,1371
data/crawled/raw_images/2995_0.jpg,B,65.7,design_general,한성대_design_general,한성대,재현작,2995
data/crawled/raw_images/1403_0.jpg,B,55.0,visual_design,서울시립대_visual_design,서울시립대,평소작,1403
data/crawled/raw_images/1066_0.jpg,B,56.2,visual_design,서울여대_visual_design,서울여대,재현작,1066
data/crawled/raw_images/420_0.jpg,B,62.6,design_general,경기대_design_general,경기대,평소작,420
data/crawled/raw_images/3481_0.jpg,A,83.5,craft,성신여대_craft,성신여대,재현작,3481
data/crawled/raw_images/3512_0.jpg,A,83.4,design_general,한양대_design_general,한양대,재현작,3512
data/crawled/raw_images/1424_0.jpg,B,55.0,fashion,건국대_fashion,건국대,재현작,1424
data/crawled/raw_images/3675_0.jpeg,A,73.9,fine_art,동국대_fine_art,동국대,평소작,3675
data/crawled/raw_images/2200_0.jpg,A,75.2,visual_design,경희대_visual_design,경희대,재현작,2200
data/crawled/raw_images/3421_0.jpg,A,80.8,interior,건국대_interior,건국대,재현작,3421
data/crawled/raw_images/3390_0.jpg,C,48.8,design_general,삼육대_design_general,삼육대,평소작,3390
data/crawled/raw_images/1789_0.jpg,C,30.4,design_general,인천가톨릭대_design_general,인천가톨릭대,평소작,1789
data/crawled/raw_images/2722_0.jpg,B,59.0,fine_art,단국대_fine_art,단국대,평소작,2722
data/crawled/raw_images/2264_0.jpg,B,49.9,design_general,상명대_design_general,상명대,재현작,2264
data/crawled/raw_images/1705_0.jpg,A,83.9,fine_art,경희대_fine_art,경희대,재현작,1705
data/crawled/raw_images/2396_0.jpg,C,47.1,design_general,삼육대_design_general,삼육대,재현작,2396
data/crawled/raw_images/570_0.jpg,B,48.3,visual_design,숙명여대_visual_design,숙명여대,재현작,570
data/crawled/raw_images/2507_0.jpg,A,79.9,interior,건국대_interior,건국대,재현작,2507
data/crawled/raw_images/2376_0.jpg,B,63.4,craft,동덕여대_craft,동덕여대,평소작,2376
data/crawled/raw_images/3631_0.jpg,A,70.0,design_general,한양대_design_general,한양대,재현작,3631
data/crawled/raw_images/2687_0.jpg,C,37.8,visual_design,남서울대_visual_design,남서울대,재현작,2687
data/crawled/raw_images/546_0.jpg,B,56.8,visual_design,명지대_visual_design,명지대,평소작,546
data/crawled/raw_images/2375_0.jpg,B,62.8,craft,단국대_craft,단국대,평소작,2375
data/crawled/raw_images/998_0.jpg,B,52.8,visual_design,명지대_visual_design,명지대,재현작,998
data/crawled/raw_images/922_0.jpg,B,62.2,craft,단국대_craft,단국대,재현작,922
data/crawled/raw_images/3116_0.jpg,A,70.8,design_general,이화여대_design_general,이화여대,재현작,3116
data/crawled/raw_images/3824_0.jpg,S,87.2,fine_art,서울대_fine_art,서울대,평소작,3824
data/crawled/raw_images/3816_0.jpg,A,71.3,design_general,이화여대_design_general,이화여대,재현작,3816
data/crawled/raw_images/3892_0.jpg,B,54.8,animation,청강대_animation,청강대,재현작,3892
data/crawled/raw_images/222_0.png,A,66.4,fine_art,이화여대_fine_art,이화여대,재현작,222
data/crawled/raw_images/356_0.png,A,79.6,fine_art,성신여대_fine_art,성신여대,평소작,356
data/crawled/raw_images/1292_0.jpg,B,51.4,animation,청강대_animation,청강대,평소작,1292
data/crawled/raw_images/823_0.jpeg,B,66.4,visual_design,가천대_visual_design,가천대,재현작,823
data/crawled/raw_images/2905_0.png,A,76.6,fine_art,성신여대_fine_art,성신여대,평소작,2905
data/crawled/raw_images/1054_0.jpg,B,50.1,fine_art,성균관대_fine_art,성균관대,평소작,1054
data/crawled/raw_images/1688_0.jpg,A,75.0,fine_art,성신여대_fine_art,성신여대,평소작,1688
data/crawled/raw_images/1557_0.jpg,B,52.2,industrial_design,단국대_industrial_design,단국대,재현작,1557
data/crawled/raw_images/985_0.jpg,B,49.2,craft,서울과기대_craft,서울과기대,재현작,985
data/crawled/raw_images/521_0.jpg,A,70.3,visual_design,중앙대_visual_design,중앙대,평소작,521
data/crawled/raw_images/2385_0.jpg,B,64.4,design_general,한성대_design_general,한성대,평소작,2385
data/crawled/raw_images/2489_0.jpg,B,61.1,design_general,경기대_design_general,경기대,재현작,2489
data/crawled/raw_images/3104_0.jpg,A,80.6,craft,숙명여대_craft,숙명여대,평소작,3104
data/crawled/raw_images/3659_0.jpg,B,53.8,design_general,상명대_design_general,상명대,재현작,3659
data/crawled/raw_images/813_0.jpg,C,45.6,design_general,백석대_design_general,백석대,평소작,813
data/crawled/raw_images/1914_0.jpg,S,93.8,fine_art,서울대_fine_art,서울대,unknown,1914
data/crawled/raw_images/1358_0.jpg,A,73.0,design_general,고려대_design_general,고려대,재현작,1358
data/crawled/raw_images/2596_0.jpg,C,49.2,industrial_design,서경대_industrial_design,서경대,재현작,2596
data/crawled/raw_images/3080_0.jpg,A,78.1,design_general,홍익대_design_general,홍익대,평소작,3080
data/crawled/raw_images/2298_0.jpg,B,64.4,design_general,한성대_design_general,한성대,재현작,2298
data/crawled/raw_images/1444_0.jpg,A,66.0,fine_art,이화여대_fine_art,이화여대,평소작,1444
data/crawled/raw_images/2723_0.jpg,C,44.0,design_general,삼육대_design_general,삼육대,평소작,2723
data/crawled/raw_images/439_0.jpg,B,64.8,industrial_design,상명대_industrial_design,상명대,평소작,439
data/crawled/raw_images/3386_0.jpg,B,60.1,fine_art,건국대_fine_art,건국대,재현작,3386
data/crawled/raw_images/1894_0.jpg,A,71.5,design_general,고려대_design_general,고려대,재현작,1894
data/crawled/raw_images/646_0.jpg,A,68.4,fine_art,성신여대_fine_art,성신여대,평소작,646
data/crawled/raw_images/3745_0.jpg,B,65.5,design_general,한성대_design_general,한성대,재현작,3745
data/crawled/raw_images/447_0.jpg,B,58.3,design_general,상명대_design_general,상명대,재현작,447
data/crawled/raw_images/3269_0.jpg,B,52.0,design_general,상명대_design_general,상명대,재현작,3269
data/crawled/raw_images/2361_0.jpg,B,63.5,craft,동덕여대_craft,동덕여대,재현작,2361
data/crawled/raw_images/1063_0.jpg,A,68.5,fine_art,경희대_fine_art,경희대,평소작,1063
data/crawled/raw_images/1222_0.jpg,S,94.5,fine_art,서울대_fine_art,서울대,평소작,1222
data/crawled/raw_images/3705_0.jpg,A,72.5,visual_design,경희대_visual_design,경희대,재현작,3705
data/crawled/raw_images/1147_0.jpg,A,80.4,industrial_design,건국대_industrial_design,건국대,평소작,1147
data/crawled/raw_images/2665_0.jpg,B,53.3,craft,서울과기대_craft,서울과기대,재현작,2665
data/crawled/raw_images/1375_0.jpg,A,74.1,fine_art,동국대_fine_art,동국대,평소작,1375
data/crawled/raw_images/1238_0.jpg,B,55.0,visual_design,명지대_visual_design,명지대,재현작,1238
data/crawled/raw_images/1992_0.jpg,B,54.3,visual_design,동덕여대_visual_design,동덕여대,재현작,1992
data/crawled/raw_images/2002_0.jpg,B,62.5,craft,단국대_craft,단국대,재현작,2002
data/crawled/raw_images/2308_0.jpg,C,48.4,design_general,수원대_design_general,수원대,재현작,2308
data/crawled/raw_images/290_0.jpg,A,68.0,fine_art,성신여대_fine_art,성신여대,평소작,290
data/crawled/raw_images/3661_0.jpg,B,51.0,industrial_design,서울여대_industrial_design,서울여대,재현작,3661
data/crawled/raw_images/2524_0.jpg,B,56.5,visual_design,서울시립대_visual_design,서울시립대,평소작,2524
data/crawled/raw_images/2637_0.jpg,B,58.2,industrial_design,상명대_industrial_design,상명대,재현작,2637
data/crawled/raw_images/2272_0.jpg,A,82.5,craft,성신여대_craft,성신여대,재현작,2272
data/crawled/raw_images/2484_0.jpg,C,46.9,design_general,삼육대_design_general,삼육대,재현작,2484
data/crawled/raw_images/3484_0.jpg,B,64.8,industrial_design,상명대_industrial_design,상명대,재현작,3484
data/crawled/raw_images/216_0.png,A,68.5,craft,국민대_craft,국민대,재현작,216
data/crawled/raw_images/1169_0.jpg,S,95.1,fine_art,서울대_fine_art,서울대,재현작,1169
data/crawled/raw_images/3272_0.jpg,B,56.4,interior,동덕여대_interior,동덕여대,재현작,3272
data/crawled/raw_images/2243_0.jpg,B,62.3,fashion,동덕여대_fashion,동덕여대,재현작,2243
data/crawled/raw_images/2545_0.jpg,B,51.1,interior,숙명여대_interior,숙명여대,재현작,2545
data/crawled/raw_images/715_0.jpeg,B,63.5,design_general,인하대_design_general,인하대,재현작,715
data/crawled/raw_images/2365_0.jpg,C,36.8,visual_design,남서울대_visual_design,남서울대,재현작,2365
data/crawled/raw_images/2514_0.jpg,A,67.4,craft,국민대_craft,국민대,재현작,2514
data/crawled/raw_images/279_0.jpg,A,66.0,fashion,국민대_fashion,국민대,평소작,279
data/crawled/raw_images/3620_0.jpg,B,50.8,visual_design,동덕여대_visual_design,동덕여대,재현작,3620
data/crawled/raw_images/1802_0.jpg,C,43.9,design_general,백석대_design_general,백석대,재현작,1802
data/crawled/raw_images/3916_0.jpg,B,65.8,visual_design,가천대_visual_design,가천대,재현작,3916
data/crawled/raw_images/835_0.jpeg,C,49.8,industrial_design,서경대_industrial_design,서경대,재현작,835
data/crawled/raw_images/2883_0.jpg,B,58.4,design_general,상명대_design_general,상명대,재현작,2883
data/crawled/raw_images/973_0.jpg,A,75.1,industrial_design,건국대_industrial_design,건국대,재현작,973
data/crawled/raw_images/2209_0.jpg,C,35.0,design_general,백석대_design_general,백석대,평소작,2209
data/crawled/raw_images/3067_0.jpg,C,46.8,design_general,삼육대_design_general,삼육대,평소작,3067
data/crawled/raw_images/2173_0.jpg,B,55.0,fine_art,성균관대_fine_art,성균관대,평소작,2173
data/crawled/raw_images/1168_0.jpg,S,91.4,fine_art,서울대_fine_art,서울대,평소작,1168
data/crawled/raw_images/2111_0.jpg,A,72.0,fine_art,중앙대_fine_art,중앙대,평소작,2111
data/crawled/raw_images/831_0.jpg,B,65.0,fashion,동덕여대_fashion,동덕여대,재현작,831
data/crawled/raw_images/1548_0.jpg,B,57.5,visual_design,서울시립대_visual_design,서울시립대,재현작,1548
data/crawled/raw_images/2889_0.jpg,B,63.8,interior,동덕여대_interior,동덕여대,재현작,2889
data/crawled/raw_images/3731_0.jpg,B,58.2,craft,단국대_craft,단국대,재현작,3731
data/crawled/raw_images/3382_0.jpg,B,51.6,fine_art,가천대_fine_art,가천대,unknown,3382
data/crawled/raw_images/1860_0.jpg,A,68.1,industrial_design,중앙대_industrial_design,중앙대,재현작,1860
data/crawled/raw_images/503_0.jpg,A,69.6,craft,국민대_craft,국민대,평소작,503
data/crawled/raw_images/3727_0.jpg,B,64.8,industrial_design,상명대_industrial_design,상명대,평소작,3727
data/crawled/raw_images/1064_0.jpg,B,52.4,fine_art,건국대_fine_art,건국대,재현작,1064
data/crawled/raw_images/1912_0.jpg,A,69.0,design_general,이화여대_design_general,이화여대,재현작,1912
data/crawled/raw_images/3010_0.jpg,B,61.6,craft,서울과기대_craft,서울과기대,재현작,3010
data/crawled/raw_images/2592_0.jpg,A,69.3,visual_design,한양대_visual_design,한양대,재현작,2592
data/crawled/raw_images/3133_0.jpg,B,52.0,design_general,상명대_design_general,상명대,재현작,3133
data/crawled/raw_images/1176_0.jpg,A,77.6,fine_art,성신여대_fine_art,성신여대,평소작,1176
data/crawled/raw_images/3160_0.jpg,A,77.3,visual_design,건국대_visual_design,건국대,재현작,3160
data/crawled/raw_images/3633_0.jpg,A,70.0,design_general,한양대_design_general,한양대,재현작,3633
data/crawled/raw_images/2890_0.jpg,B,62.7,design_general,한성대_design_general,한성대,재현작,2890
data/crawled/raw_images/1957_0.jpg,A,82.7,craft,성신여대_craft,성신여대,재현작,1957
data/crawled/raw_images/1805_0.jpg,B,52.8,animation,청강대_animation,청강대,재현작,1805
data/crawled/raw_images/1881_0.jpg,B,50.4,visual_design,서울여대_visual_design,서울여대,재현작,1881
data/crawled/raw_images/2742_0.jpg,A,70.3,craft,국민대_craft,국민대,재현작,2742
data/crawled/raw_images/3128_0.jpeg,C,47.2,industrial_design,서경대_industrial_design,서경대,재현작,3128
data/crawled/raw_images/2071_0.jpeg,B,49.7,visual_design,서울여대_visual_design,서울여대,재현작,2071
data/crawled/raw_images/1229_0.jpg,B,67.8,visual_design,동덕여대_visual_design,동덕여대,재현작,1229
data/crawled/raw_images/478_0.jpg,B,65.9,fashion,동덕여대_fashion,동덕여대,평소작,478
data/crawled/raw_images/2712_0.jpg,C,44.3,design_general,수원대_design_general,수원대,재현작,2712
data/crawled/raw_images/3558_0.jpg,A,74.7,fine_art,경희대_fine_art,경희대,평소작,3558
data/crawled/raw_images/2850_0.png,B,60.0,craft,서울과기대_craft,서울과기대,재현작,2850
data/crawled/raw_images/2662_0.jpeg,B,49.2,sculpture,서울시립대_sculpture,서울시립대,평소작,2662
data/crawled/raw_images/387_0.jpg,A,80.8,fine_art,경희대_fine_art,경희대,재현작,387
data/crawled/raw_images/1523_0.jpg,S,85.5,industrial_design,국민대_industrial_design,국민대,평소작,1523
data/crawled/raw_images/639_0.jpg,A,67.0,fine_art,경희대_fine_art,경희대,평소작,639
data/crawled/raw_images/1233_0.jpg,B,67.6,design_general,덕성여대_design_general,덕성여대,재현작,1233
data/crawled/raw_images/2594_0.jpg,C,44.5,design_general,백석대_design_general,백석대,재현작,2594
data/crawled/raw_images/2394_0.jpg,B,57.8,design_general,상명대_design_general,상명대,재현작,2394
data/crawled/raw_images/1395_0.jpg,B,50.1,fine_art,건국대_fine_art,건국대,평소작,1395
data/crawled/raw_images/1065_0.jpg,A,67.4,fine_art,성신여대_fine_art,성신여대,재현작,1065
data/crawled/raw_images/475_0.jpg,B,63.9,design_general,한성대_design_general,한성대,평소작,475
data/crawled/raw_images/1366_0.jpg,S,90.0,design_general,서울대_design_general,서울대,평소작,1366
data/crawled/raw_images/3110_0.jpg,B,59.5,industrial_design,서울과기대_industrial_design,서울과기대,평소작,3110
data/crawled/raw_images/1468_0.jpg,S,83.9,industrial_design,국민대_industrial_design,국민대,재현작,1468
data/crawled/raw_images/1142_0.jpg,B,60.5,design_general,한성대_design_general,한성대,평소작,1142
data/crawled/raw_images/3185_0.jpg,A,72.6,visual_design,한양대_visual_design,한양대,재현작,3185
data/crawled/raw_images/841_0.jpg,C,46.2,visual_design,용인대_visual_design,용인대,재현작,841
data/crawled/raw_images/1464_0.jpg,S,90.9,design_general,서울대_design_general,서울대,재현작,1464
data/crawled/raw_images/1404_0.jpg,A,72.0,craft,숙명여대_craft,숙명여대,평소작,1404
data/crawled/raw_images/812_0.jpg,B,65.0,design_general,덕성여대_design_general,덕성여대,재현작,812
data/crawled/raw_images/1769_0.jpg,B,51.8,design_general,한성대_design_general,한성대,평소작,1769
data/crawled/raw_images/3569_0.jpg,A,76.1,fine_art,중앙대_fine_art,중앙대,평소작,3569
data/crawled/raw_images/2115_0.jpg,B,59.4,visual_design,숙명여대_visual_design,숙명여대,재현작,2115
data/crawled/raw_images/3894_0.jpg,B,63.7,animation,청강대_animation,청강대,재현작,3894
data/crawled/raw_images/3482_0.jpg,B,65.3,interior,동덕여대_interior,동덕여대,재현작,3482
data/crawled/raw_images/1619_0.jpg,A,79.3,visual_design,서울과기대_visual_design,서울과기대,평소작,1619
data/crawled/raw_images/2143_0.jpg,B,56.9,fashion,동덕여대_fashion,동덕여대,재현작,2143
data/crawled/raw_images/3909_0.jpg,B,57.6,design_general,상명대_design_general,상명대,재현작,3909
data/crawled/raw_images/3499_0.jpg,B,65.9,visual_design,동덕여대_visual_design,동덕여대,재현작,3499
data/crawled/raw_images/3173_0.jpg,B,56.1,visual_design,동덕여대_visual_design,동덕여대,평소작,3173
data/crawled/raw_images/3641_0.jpg,B,55.7,fashion,동덕여대_fashion,동덕여대,재현작,3641
data/crawled/raw_images/3391_0.jpg,B,63.2,visual_design,가천대_visual_design,가천대,재현작,3391
data/crawled/raw_images/1752_0.jpg,C,37.8,design_general,인천가톨릭대_design_general,인천가톨릭대,평소작,1752
data/crawled/raw_images/2667_0.jpg,A,70.0,design_general,연세대_design_general,연세대,재현작,2667
data/crawled/raw_images/1995_0.jpg,B,53.6,craft,단국대_craft,단국대,재현작,1995
data/crawled/raw_images/1974_0.jpg,A,65.7,fashion,국민대_fashion,국민대,재현작,1974
data/crawled/raw_images/966_0.jpg,A,77.8,visual_design,건국대_visual_design,건국대,재현작,966
data/crawled/raw_images/3915_0.jpg,B,62.8,craft,동덕여대_craft,동덕여대,재현작,3915
data/crawled/raw_images/383_0.jpg,B,58.1,craft,서울과기대_craft,서울과기대,평소작,383
data/crawled/raw_images/626_0.jpg,B,53.9,animation,청강대_animation,청강대,평소작,626
data/crawled/raw_images/1932_0.jpg,B,49.6,sculpture,서울시립대_sculpture,서울시립대,unknown,1932
data/crawled/raw_images/3548_0.jpg,A,71.3,design_general,이화여대_design_general,이화여대,재현작,3548
data/crawled/raw_images/435_0.jpg,A,78.1,fine_art,중앙대_fine_art,중앙대,평소작,435
data/crawled/raw_images/407_0.jpg,B,59.5,animation,청강대_animation,청강대,재현작,407
data/crawled/raw_images/2122_0.jpg,B,51.9,craft,서울과기대_craft,서울과기대,재현작,2122
data/crawled/raw_images/1572_0.jpg,B,54.7,design_general,인하대_design_general,인하대,재현작,1572
data/crawled/raw_images/3397_0.jpeg,B,66.8,design_general,덕성여대_design_general,덕성여대,재현작,3397
data/crawled/raw_images/3501_0.jpg,A,80.5,design_general,건국대_design_general,건국대,재현작,3501
data/crawled/raw_images/1322_0.jpg,A,81.7,craft,성신여대_craft,성신여대,재현작,1322
data/crawled/raw_images/2880_0.jpg,A,82.6,fashion,경희대_fashion,경희대,평소작,2880
data/crawled/raw_images/3750_0.jpg,B,54.6,visual_design,단국대_visual_design,단국대,재현작,3750
data/crawled/raw_images/291_0.jpg,A,72.4,fine_art,동국대_fine_art,동국대,재현작,291
data/crawled/raw_images/2017_0.jpg,A,71.6,craft,중앙대_craft,중앙대,재현작,2017
data/crawled/raw_images/3814_0.jpg,A,66.8,visual_design,성균관대_visual_design,성균관대,재현작,3814
data/crawled/raw_images/3198_0.jpg,B,58.6,craft,단국대_craft,단국대,재현작,3198
data/crawled/raw_images/1672_0.jpg,A,75.0,fine_art,성신여대_fine_art,성신여대,평소작,1672
data/crawled/raw_images/324_0.jpg,A,70.7,visual_design,한양대_visual_design,한양대,평소작,324
data/crawled/raw_images/3710_0.png,A,66.0,visual_design,국민대_visual_design,국민대,재현작,3710
data/crawled/raw_images/2778_0.jpg,B,51.1,interior,숙명여대_interior,숙명여대,재현작,2778
data/crawled/raw_images/1610_0.jpg,A,73.5,design_general,고려대_design_general,고려대,평소작,1610
data/crawled/raw_images/1465_0.jpg,A,74.5,craft,숙명여대_craft,숙명여대,평소작,1465
data/crawled/raw_images/515_0.jpg,B,61.2,industrial_design,단국대_industrial_design,단국대,재현작,515
data/crawled/raw_images/3578_0.jpg,B,51.0,industrial_design,서울여대_industrial_design,서울여대,재현작,3578
data/crawled/raw_images/1636_0.jpg,A,76.5,fine_art,중앙대_fine_art,중앙대,재현작,1636
data/crawled/raw_images/1199_0.jpg,B,55.0,design_general,덕성여대_design_general,덕성여대,재현작,1199
data/crawled/raw_images/3682_0.jpg,B,51.0,industrial_design,서울여대_industrial_design,서울여대,재현작,3682
data/crawled/raw_images/3007_0.jpg,B,67.2,design_general,덕성여대_design_general,덕성여대,평소작,3007
data/crawled/raw_images/3926_0.jpg,B,54.8,animation,청강대_animation,청강대,평소작,3926
data/crawled/raw_images/3908_0.jpg,A,82.8,industrial_design,경희대_industrial_design,경희대,재현작,3908
data/crawled/raw_images/3940_0.jpg,B,59.5,craft,단국대_craft,단국대,재현작,3940
data/crawled/raw_images/3457_0.jpg,B,59.7,craft,서울과기대_craft,서울과기대,재현작,3457
data/crawled/raw_images/2908_0.jpg,A,76.6,fine_art,성신여대_fine_art,성신여대,평소작,2908
data/crawled/raw_images/349_0.png,B,48.3,visual_design,서울시립대_visual_design,서울시립대,재현작,349
data/crawled/raw_images/943_0.jpg,A,66.5,fine_art,성신여대_fine_art,성신여대,평소작,943
data/crawled/raw_images/3930_0.jpeg,A,79.2,fine_art,중앙대_fine_art,중앙대,평소작,3930
data/crawled/raw_images/3480_0.jpg,A,82.1,design_general,한양대_design_general,한양대,재현작,3480
data/crawled/raw_images/1098_0.jpg,B,60.9,craft,단국대_craft,단국대,재현작,1098
data/crawled/raw_images/2821_0.png,B,61.1,design_general,경기대_design_general,경기대,재현작,2821
data/crawled/raw_images/875_0.jpg,A,81.6,visual_design,건국대_visual_design,건국대,평소작,875
data/crawled/raw_images/1187_0.jpg,B,59.6,design_general,상명대_design_general,상명대,재현작,1187
data/crawled/raw_images/245_0.png,B,53.1,fine_art,가천대_fine_art,가천대,재현작,245
data/crawled/raw_images/3316_0.jpg,B,67.9,visual_design,서울여대_visual_design,서울여대,재현작,3316
data/crawled/raw_images/2705_0.jpg,C,34.7,industrial_design,협성대_industrial_design,협성대,평소작,2705
data/crawled/raw_images/3662_0.jpg,A,72.5,visual_design,경희대_visual_design,경희대,재현작,3662
data/crawled/raw_images/519_0.jpg,B,64.8,industrial_design,상명대_industrial_design,상명대,재현작,519
data/crawled/raw_images/702_0.jpg,B,56.8,animation,청강대_animation,청강대,평소작,702
data/crawled/raw_images/2254_0.jpg,A,72.7,fine_art,경희대_fine_art,경희대,평소작,2254
data/crawled/raw_images/3780_0.jpeg,B,59.2,visual_design,서울여대_visual_design,서울여대,평소작,3780
data/crawled/raw_images/573_0.png,B,52.5,fashion,동덕여대_fashion,동덕여대,재현작,573
data/crawled/raw_images/2536_0.jpg,B,63.9,fashion,동덕여대_fashion,동덕여대,재현작,2536
data/crawled/raw_images/970_0.jpg,A,70.6,fine_art,경희대_fine_art,경희대,평소작,970
data/crawled/raw_images/3273_0.jpg,B,56.6,fashion,동덕여대_fashion,동덕여대,재현작,3273
data/crawled/raw_images/3763_0.jpg,A,72.0,design_general,한양대_design_general,한양대,재현작,3763
data/crawled/raw_images/625_0.jpg,A,66.5,fine_art,중앙대_fine_art,중앙대,평소작,625
data/crawled/raw_images/2520_0.jpg,B,66.8,design_general,덕성여대_design_general,덕성여대,평소작,2520
data/crawled/raw_images/860_0.jpg,A,81.7,design_general,건국대_design_general,건국대,평소작,860
data/crawled/raw_images/3092_0.jpg,B,63.2,industrial_design,상명대_industrial_design,상명대,재현작,3092
data/crawled/raw_images/3868_0.jpg,C,48.1,design_general,수원대_design_general,수원대,재현작,3868
data/crawled/raw_images/3472_0.jpg,B,57.2,animation,청강대_animation,청강대,평소작,3472
data/crawled/raw_images/3215_0.jpg,C,36.8,design_general,인천가톨릭대_design_general,인천가톨릭대,평소작,3215
data/crawled/raw_images/2387_0.jpg,C,44.5,design_general,백석대_design_general,백석대,재현작,2387
data/crawled/raw_images/783_0.jpg,A,81.3,fine_art,중앙대_fine_art,중앙대,unknown,783
data/crawled/raw_images/1813_0.jpg,B,60.5,fashion,건국대_fashion,건국대,평소작,1813
data/crawled/raw_images/562_0.jpg,B,50.0,fine_art,성균관대_fine_art,성균관대,평소작,562
data/crawled/raw_images/2993_0.jpg,B,58.0,animation,청강대_animation,청강대,평소작,2993
data/crawled/raw_images/1128_0.jpg,B,62.0,fashion,인하대_fashion,인하대,평소작,1128
data/crawled/raw_images/341_0.png,A,76.9,visual_design,경희대_visual_design,경희대,재현작,341
data/crawled/raw_images/261_0.png,A,77.6,visual_design,건국대_visual_design,건국대,재현작,261
data/crawled/raw_images/3546_0.jpg,B,52.8,animation,청강대_animation,청강대,평소작,3546
data/crawled/raw_images/3202_0.jpg,A,72.0,craft,중앙대_craft,중앙대,재현작,3202
data/crawled/raw_images/2014_0.jpg,C,44.7,design_general,수원대_design_general,수원대,재현작,2014
data/crawled/raw_images/803_0.jpg,B,66.5,craft,서울여대_craft,서울여대,재현작,803
data/crawled/raw_images/2066_0.jpg,C,40.5,visual_design,서경대_visual_design,서경대,재현작,2066
data/crawled/raw_images/2704_0.jpg,B,49.2,sculpture,서울시립대_sculpture,서울시립대,평소작,2704
data/crawled/raw_images/3005_0.jpg,B,59.1,animation,청강대_animation,청강대,재현작,3005
data/crawled/raw_images/552_0.jpg,A,73.4,craft,중앙대_craft,중앙대,평소작,552
data/crawled/raw_images/736_0.jpg,A,79.0,visual_design,서울과기대_visual_design,서울과기대,재현작,736
data/crawled/raw_images/2748_0.jpg,A,71.9,design_general,이화여대_design_general,이화여대,재현작,2748
data/crawled/raw_images/3931_0.jpg,B,59.4,fine_art,단국대_fine_art,단국대,평소작,3931
data/crawled/raw_images/373_0.jpg,S,98,design_general,서울대_design_general,서울대,재현작,373
data/crawled/raw_images/2521_0.jpg,B,67.3,visual_design,동덕여대_visual_design,동덕여대,평소작,2521
data/crawled/raw_images/3050_0.jpg,C,42.9,design_general,인천대_design_general,인천대,재현작,3050
data/crawled/raw_images/2753_0.jpg,B,59.1,animation,청강대_animation,청강대,평소작,2753
data/crawled/raw_images/1217_0.jpg,S,94.5,fine_art,서울대_fine_art,서울대,평소작,1217
data/crawled/raw_images/2808_0.jpg,A,81.0,industrial_design,건국대_industrial_design,건국대,재현작,2808
data/crawled/raw_images/1200_0.jpg,B,66.5,visual_design,가천대_visual_design,가천대,재현작,1200
data/crawled/raw_images/867_0.jpg,C,32.3,design_general,인천가톨릭대_design_general,인천가톨릭대,평소작,867
data/crawled/raw_images/1448_0.jpg,B,55.0,design_general,덕성여대_design_general,덕성여대,평소작,1448
data/crawled/raw_images/2373_0.jpg,C,36.8,visual_design,남서울대_visual_design,남서울대,재현작,2373
data/crawled/raw_images/3334_0.jpg,B,62.4,visual_design,단국대_visual_design,단국대,평소작,3334
data/crawled/raw_images/1224_0.jpg,B,67.6,visual_design,서울여대_visual_design,서울여대,재현작,1224
data/crawled/raw_images/295_0.jpg,A,66.3,fine_art,중앙대_fine_art,중앙대,평소작,295
data/crawled/raw_images/975_0.jpg,B,58.7,design_general,상명대_design_general,상명대,재현작,975
data/crawled/raw_images/2567_0.jpg,C,33.5,design_general,인천대_design_general,인천대,재현작,2567
data/crawled/raw_images/1952_0.jpg,A,81.2,visual_design,건국대_visual_design,건국대,평소작,1952
data/crawled/raw_images/2500_0.jpg,C,38.5,visual_design,남서울대_visual_design,남서울대,평소작,2500
data/crawled/raw_images/487_0.jpg,B,63.9,design_general,한성대_design_general,한성대,평소작,487
data/crawled/raw_images/2047_0.jpg,A,75.9,industrial_design,건국대_industrial_design,건국대,평소작,2047
data/crawled/raw_images/2618_0.jpg,C,36.3,visual_design,서경대_visual_design,서경대,재현작,2618
data/crawled/raw_images/2415_0.jpg,A,69.0,design_general,홍익대_design_general,홍익대,평소작,2415
data/crawled/raw_images/2504_0.jpg,B,60.2,visual_design,명지대_visual_design,명지대,재현작,2504
data/crawled/raw_images/3843_0.png,B,59.6,fashion,동덕여대_fashion,동덕여대,재현작,3843
data/crawled/raw_images/3055_0.jpg,B,61.0,fashion,건국대_fashion,건국대,재현작,3055
data/crawled/raw_images/2085_0.jpg,A,73.3,visual_design,한양대_visual_design,한양대,평소작,2085
data/crawled/raw_images/1225_0.jpg,B,65.2,design_general,인하대_design_general,인하대,재현작,1225
data/crawled/raw_images/3654_0.jpg,A,76.1,fine_art,중앙대_fine_art,중앙대,평소작,3654
data/crawled/raw_images/1274_0.jpg,C,40.8,visual_design,서경대_visual_design,서경대,재현작,1274
data/crawled/raw_images/585_0.png,B,52.2,industrial_design,단국대_industrial_design,단국대,재현작,585
data/crawled/raw_images/1715_0.jpg,B,65.8,visual_design,명지대_visual_design,명지대,평소작,1715
data/crawled/raw_images/2386_0.jpg,B,67.7,visual_design,서울여대_visual_design,서울여대,unknown,2386
data/crawled/raw_images/480_0.jpg,C,38.7,design_general,인천대_design_general,인천대,평소작,480
data/crawled/raw_images/3226_0.jpg,A,78.1,industrial_design,건국대_industrial_design,건국대,재현작,3226
data/crawled/raw_images/3547_0.jpg,S,87.5,design_general,서울대_design_general,서울대,재현작,3547
data/crawled/raw_images/1038_0.jpg,B,59.5,craft,서울여대_craft,서울여대,재현작,1038
data/crawled/raw_images/307_0.jpg,A,66.3,fine_art,중앙대_fine_art,중앙대,평소작,307
data/crawled/raw_images/329_0.png,A,81.2,fine_art,중앙대_fine_art,중앙대,재현작,329
data/crawled/raw_images/3314_0.jpg,B,64.1,fashion,동덕여대_fashion,동덕여대,재현작,3314
data/crawled/raw_images/536_0.jpg,A,73.2,design_general,이화여대_design_general,이화여대,평소작,536
data/crawled/raw_images/3165_0.jpg,B,56.4,interior,동덕여대_interior,동덕여대,재현작,3165
data/crawled/raw_images/2030_0.jpg,B,55.3,visual_design,단국대_visual_design,단국대,재현작,2030
data/crawled/raw_images/2293_0.jpg,A,77.8,fine_art,중앙대_fine_art,중앙대,평소작,2293
data/crawled/raw_images/1498_0.jpg,A,66.0,fashion,국민대_fashion,국민대,재현작,1498
data/crawled/raw_images/2001_0.jpg,B,58.9,interior,숙명여대_interior,숙명여대,평소작,2001
data/crawled/raw_images/378_0.jpg,B,63.5,design_general,한성대_design_general,한성대,재현작,378
data/crawled/raw_images/2558_0.jpg,B,62.6,visual_design,단국대_visual_design,단국대,재현작,2558
data/crawled/raw_images/2997_0.jpg,C,49.7,industrial_design,서경대_industrial_design,서경대,재현작,2997
data/crawled/raw_images/1936_0.jpg,B,49.6,sculpture,서울시립대_sculpture,서울시립대,unknown,1936
data/crawled/raw_images/1114_0.jpg,A,77.6,fine_art,성신여대_fine_art,성신여대,평소작,1114
data/crawled/raw_images/1804_0.jpg,B,60.2,animation,청강대_animation,청강대,재현작,1804
data/crawled/raw_images/1962_0.jpg,S,84.9,industrial_design,국민대_industrial_design,국민대,재현작,1962
data/crawled/raw_images/3066_0.jpeg,C,47.3,industrial_design,서경대_industrial_design,서경대,재현작,3066
data/crawled/raw_images/1517_0.jpg,B,51.8,fashion,동덕여대_fashion,동덕여대,재현작,1517
data/crawled/raw_images/2458_0.jpg,B,66.8,design_general,덕성여대_design_general,덕성여대,재현작,2458
data/crawled/raw_images/3320_0.png,B,62.8,fashion,인하대_fashion,인하대,재현작,3320
data/crawled/raw_images/3637_0.jpg,B,62.0,design_general,덕성여대_design_general,덕성여대,재현작,3637
data/crawled/raw_images/1226_0.jpg,B,66.7,craft,서울여대_craft,서울여대,재현작,1226
data/crawled/raw_images/2007_0.jpg,B,55.0,industrial_design,상명대_industrial_design,상명대,재현작,2007
data/crawled/raw_images/2442_0.jpg,C,43.0,industrial_design,협성대_industrial_design,협성대,평소작,2442
data/crawled/raw_images/1876_0.jpg,B,67.4,design_general,덕성여대_design_general,덕성여대,재현작,1876
data/crawled/raw_images/3523_0.jpg,A,83.5,craft,성신여대_craft,성신여대,평소작,3523
data/crawled/raw_images/2691_0.jpg,C,37.8,visual_design,남서울대_visual_design,남서울대,재현작,2691
data/crawled/raw_images/3039_0.png,A,80.7,industrial_design,건국대_industrial_design,건국대,재현작,3039
data/crawled/raw_images/1219_0.jpg,S,95.1,fine_art,서울대_fine_art,서울대,평소작,1219
data/crawled/raw_images/2630_0.jpg,A,72.0,design_general,이화여대_design_general,이화여대,평소작,2630
data/crawled/raw_images/558_0.jpg,B,60.0,animation,청강대_animation,청강대,평소작,558
data/crawled/raw_images/1713_0.jpg,A,83.2,fashion,경희대_fashion,경희대,평소작,1713
data/crawled/raw_images/3253_0.jpg,B,51.2,animation,청강대_animation,청강대,재현작,3253
data/crawled/raw_images/2569_0.jpg,B,62.4,craft,서울과기대_craft,서울과기대,재현작,2569
data/crawled/raw_images/1290_0.jpg,B,61.3,industrial_design,단국대_industrial_design,단국대,재현작,1290
data/crawled/raw_images/2232_0.jpg,A,69.0,design_general,이화여대_design_general,이화여대,재현작,2232
data/crawled/raw_images/3785_0.jpeg,B,57.0,animation,청강대_animation,청강대,평소작,3785
data/crawled/raw_images/3349_0.jpeg,B,65.6,design_general,인하대_design_general,인하대,평소작,3349
data/crawled/raw_images/1306_0.jpg,A,71.7,visual_design,건국대_visual_design,건국대,평소작,1306
data/crawled/raw_images/2400_0.jpg,B,64.4,design_general,한성대_design_general,한성대,재현작,2400
data/crawled/raw_images/2100_0.jpg,B,60.7,visual_design,서울시립대_visual_design,서울시립대,재현작,2100
data/crawled/raw_images/3156_0.jpg,C,40.8,visual_design,서경대_visual_design,서경대,재현작,3156
data/crawled/raw_images/605_0.jpg,B,52.4,industrial_design,성신여대_industrial_design,성신여대,평소작,605
data/crawled/raw_images/412_0.jpg,B,62.6,design_general,경기대_design_general,경기대,재현작,412
data/crawled/raw_images/2728_0.jpg,B,59.0,industrial_design,성신여대_industrial_design,성신여대,평소작,2728
data/crawled/raw_images/2755_0.jpg,B,49.4,sculpture,서울시립대_sculpture,서울시립대,평소작,2755
data/crawled/raw_images/2738_0.jpg,A,66.1,visual_design,성균관대_visual_design,성균관대,재현작,2738
data/crawled/raw_images/2230_0.jpg,B,60.7,visual_design,서울시립대_visual_design,서울시립대,평소작,2230
data/crawled/raw_images/3730_0.jpeg,B,51.0,industrial_design,서울여대_industrial_design,서울여대,unknown,3730
data/crawled/raw_images/925_0.jpg,A,67.1,fine_art,중앙대_fine_art,중앙대,평소작,925
data/crawled/raw_images/672_0.jpg,B,55.0,industrial_design,가천대_industrial_design,가천대,재현작,672
data/crawled/raw_images/960_0.jpg,S,83.6,industrial_design,국민대_industrial_design,국민대,재현작,960
data/crawled/raw_images/1605_0.jpg,A,68.8,sculpture,국민대_sculpture,국민대,평소작,1605
data/crawled/raw_images/3326_0.jpg,B,55.7,animation,청강대_animation,청강대,재현작,3326
data/crawled/raw_images/1214_0.jpg,C,49.4,visual_design,서경대_visual_design,서경대,재현작,1214
data/crawled/raw_images/1722_0.jpg,B,62.9,industrial_design,상명대_industrial_design,상명대,평소작,1722
data/crawled/raw_images/578_0.jpg,B,48.6,sculpture,서울시립대_sculpture,서울시립대,평소작,578
data/crawled/raw_images/765_0.jpg,A,75.4,fine_art,경희대_fine_art,경희대,평소작,765
data/crawled/raw_images/704_0.jpg,B,56.8,animation,청강대_animation,청강대,재현작,704
data/crawled/raw_images/2544_0.jpg,B,57.8,design_general,상명대_design_general,상명대,평소작,2544
data/crawled/raw_images/3825_0.jpg,S,87.2,fine_art,서울대_fine_art,서울대,평소작,3825
data/crawled/raw_images/2279_0.jpg,B,64.4,design_general,한성대_design_general,한성대,재현작,2279
data/crawled/raw_images/464_0.jpg,A,77.9,fine_art,성신여대_fine_art,성신여대,평소작,464
data/crawled/raw_images/577_0.jpg,B,48.6,sculpture,서울시립대_sculpture,서울시립대,평소작,577
data/crawled/raw_images/1210_0.jpeg,B,67.6,visual_design,서울여대_visual_design,서울여대,재현작,1210
data/crawled/raw_images/1865_0.jpg,A,83.1,visual_design,경희대_visual_design,경희대,평소작,1865
data/crawled/raw_images/296_0.jpg,B,63.5,design_general,상명대_design_general,상명대,재현작,296
data/crawled/raw_images/3583_0.jpg,A,67.7,industrial_design,중앙대_industrial_design,중앙대,재현작,3583
data/crawled/raw_images/1055_0.jpg,A,72.1,design_general,고려대_design_general,고려대,재현작,1055
data/crawled/raw_images/3181_0.jpg,A,67.0,sculpture,국민대_sculpture,국민대,평소작,3181
data/crawled/raw_images/2023_0.jpg,A,72.0,fine_art,이화여대_fine_art,이화여대,평소작,2023
data/crawled/raw_images/3479_0.jpg,B,57.4,interior,숙명여대_interior,숙명여대,재현작,3479
data/crawled/raw_images/479_0.jpg,B,62.8,fashion,동덕여대_fashion,동덕여대,평소작,479
data/crawled/raw_images/3531_0.jpg,A,72.0,design_general,홍익대_design_general,홍익대,평소작,3531
data/crawled/raw_images/3554_0.jpeg,A,76.1,fine_art,중앙대_fine_art,중앙대,평소작,3554
data/crawled/raw_images/3027_0.jpg,B,61.3,industrial_design,단국대_industrial_design,단국대,재현작,3027
data/crawled/raw_images/2058_0.jpg,B,55.5,visual_design,가천대_visual_design,가천대,재현작,2058
data/crawled/raw_images/2212_0.jpg,B,52.7,fashion,동덕여대_fashion,동덕여대,평소작,2212
data/crawled/raw_images/2103_0.jpg,A,79.2,craft,숙명여대_craft,숙명여대,재현작,2103
data/crawled/raw_images/909_0.jpg,B,52.8,animation,청강대_animation,청강대,평소작,909
data/crawled/raw_images/2813_0.jpg,B,56.6,animation,청강대_animation,청강대,평소작,2813
data/crawled/raw_images/737_0.jpg,B,66.6,interior,동덕여대_interior,동덕여대,재현작,737
data/crawled/raw_images/2003_0.jpg,A,83.1,visual_design,경희대_visual_design,경희대,평소작,2003
data/crawled/raw_images/820_0.jpg,A,67.0,fine_art,성신여대_fine_art,성신여대,unknown,820
data/crawled/raw_images/3068_0.png,S,88.8,fine_art,서울대_fine_art,서울대,평소작,3068
data/crawled/raw_images/1930_0.jpg,A,71.6,craft,중앙대_craft,중앙대,재현작,1930
data/crawled/raw_images/849_0.jpg,B,64.8,industrial_design,단국대_industrial_design,단국대,재현작,849
data/crawled/raw_images/991_0.jpg,B,52.2,design_general,상명대_design_general,상명대,재현작,991
data/crawled/raw_images/1588_0.jpg,B,54.9,visual_design,동덕여대_visual_design,동덕여대,재현작,1588
data/crawled/raw_images/2836_0.jpg,A,76.7,visual_design,건국대_visual_design,건국대,재현작,2836
data/crawled/raw_images/3260_0.jpg,C,45.1,design_general,수원대_design_general,수원대,재현작,3260
data/crawled/raw_images/3456_0.jpg,B,65.3,visual_design,동덕여대_visual_design,동덕여대,재현작,3456
data/crawled/raw_images/2346_0.jpg,C,44.5,design_general,백석대_design_general,백석대,재현작,2346
data/crawled/raw_images/225_0.png,B,55.0,fine_art,건국대_fine_art,건국대,재현작,225
data/crawled/raw_images/965_0.png,A,75.4,industrial_design,건국대_industrial_design,건국대,재현작,965
data/crawled/raw_images/1293_0.jpg,B,59.8,industrial_design,성신여대_industrial_design,성신여대,재현작,1293
data/crawled/raw_images/2055_0.jpg,B,52.7,fashion,동덕여대_fashion,동덕여대,재현작,2055
data/crawled/raw_images/262_0.png,B,60.5,fashion,건국대_fashion,건국대,재현작,262
data/crawled/raw_images/3244_0.png,S,88.8,fine_art,서울대_fine_art,서울대,unknown,3244
data/crawled/raw_images/3365_0.jpg,C,46.5,visual_design,용인대_visual_design,용인대,재현작,3365
data/crawled/raw_images/1012_0.jpg,B,49.2,sculpture,서울시립대_sculpture,서울시립대,평소작,1012
data/crawled/raw_images/1844_0.jpg,A,81.1,visual_design,건국대_visual_design,건국대,평소작,1844
data/crawled/raw_images/1189_0.jpg,C,41.7,industrial_design,협성대_industrial_design,협성대,평소작,1189
data/crawled/raw_images/2466_0.jpg,C,44.5,design_general,백석대_design_general,백석대,평소작,2466
data/crawled/raw_images/1251_0.jpg,A,71.0,design_general,홍익대_design_general,홍익대,평소작,1251
data/crawled/raw_images/869_0.jpg,C,32.3,design_general,인천가톨릭대_design_general,인천가톨릭대,평소작,869
data/crawled/raw_images/509_0.jpg,A,77.1,fine_art,이화여대_fine_art,이화여대,평소작,509
data/crawled/raw_images/1550_0.jpg,B,49.7,visual_design,명지대_visual_design,명지대,재현작,1550
data/crawled/raw_images/3863_0.jpg,A,78.1,fine_art,성신여대_fine_art,성신여대,평소작,3863
data/crawled/raw_images/761_0.jpg,A,77.3,fine_art,성신여대_fine_art,성신여대,재현작,761
data/crawled/raw_images/1033_0.jpg,S,84.0,industrial_design,국민대_industrial_design,국민대,재현작,1033
data/crawled/raw_images/3685_0.jpg,A,80.8,interior,건국대_interior,건국대,재현작,3685
data/crawled/raw_images/2706_0.jpg,A,72.2,fine_art,경희대_fine_art,경희대,평소작,2706
data/crawled/raw_images/2940_0.png,C,48.0,design_general,수원대_design_general,수원대,재현작,2940
data/crawled/raw_images/3031_0.jpg,A,80.2,interior,건국대_interior,건국대,재현작,3031
data/crawled/raw_images/2008_0.jpg,A,67.2,fine_art,경희대_fine_art,경희대,평소작,2008
data/crawled/raw_images/1021_0.jpg,A,67.1,fine_art,중앙대_fine_art,중앙대,평소작,1021
data/crawled/raw_images/1883_0.jpg,A,74.6,industrial_design,건국대_industrial_design,건국대,평소작,1883
data/crawled/raw_images/1157_0.jpg,C,31.0,design_general,인천가톨릭대_design_general,인천가톨릭대,평소작,1157
data/crawled/raw_images/1438_0.jpg,B,55.1,visual_design,단국대_visual_design,단국대,재현작,1438
data/crawled/raw_images/2862_0.png,B,58.5,design_general,상명대_design_general,상명대,평소작,2862
data/crawled/raw_images/652_0.jpg,A,75.6,design_general,건국대_design_general,건국대,재현작,652
data/crawled/raw_images/1745_0.jpg,B,59.4,visual_design,숙명여대_visual_design,숙명여대,재현작,1745
data/crawled/raw_images/2102_0.jpg,S,90.0,fine_art,서울대_fine_art,서울대,평소작,2102
data/crawled/raw_images/2587_0.jpg,B,48.2,fine_art,성균관대_fine_art,성균관대,평소작,2587
data/crawled/raw_images/3918_0.png,B,64.8,industrial_design,서울여대_industrial_design,서울여대,재현작,3918
data/crawled/raw_images/229_0.png,B,48.2,sculpture,서울시립대_sculpture,서울시립대,평소작,229
data/crawled/raw_images/2076_0.jpg,B,52.7,fashion,동덕여대_fashion,동덕여대,재현작,2076
data/crawled/raw_images/3154_0.jpg,A,68.5,craft,숙명여대_craft,숙명여대,재현작,3154
data/crawled/raw_images/1485_0.jpg,B,50.0,craft,서울과기대_craft,서울과기대,재현작,1485
data/crawled/raw_images/918_0.jpg,B,55.6,craft,단국대_craft,단국대,재현작,918
data/crawled/raw_images/2895_0.jpg,A,81.3,industrial_design,중앙대_industrial_design,중앙대,재현작,2895
data/crawled/raw_images/1488_0.jpg,A,70.9,visual_design,한양대_visual_design,한양대,재현작,1488
data/crawled/raw_images/858_0.jpg,B,68.0,design_general,인하대_design_general,인하대,평소작,858
data/crawled/raw_images/610_0.jpg,A,67.2,visual_design,국민대_visual_design,국민대,재현작,610
data/crawled/raw_images/1873_0.jpg,B,55.9,design_general,상명대_design_general,상명대,재현작,1873
data/crawled/raw_images/1591_0.jpg,B,53.6,fashion,동덕여대_fashion,동덕여대,재현작,1591
data/crawled/raw_images/883_0.jpg,B,66.5,craft,서울여대_craft,서울여대,재현작,883
data/crawled/raw_images/2118_0.jpg,C,33.1,industrial_design,협성대_industrial_design,협성대,재현작,2118
data/crawled/raw_images/1963_0.jpg,A,67.8,visual_design,서울과기대_visual_design,서울과기대,재현작,1963
data/crawled/raw_images/1255_0.jpg,A,77.6,fine_art,성신여대_fine_art,성신여대,평소작,1255
data/crawled/raw_images/2810_0.jpg,A,70.0,design_general,연세대_design_general,연세대,재현작,2810
data/crawled/raw_images/425_0.jpg,C,48.1,design_general,삼육대_design_general,삼육대,평소작,425
data/crawled/raw_images/2678_0.jpg,B,59.0,fashion,건국대_fashion,건국대,재현작,2678
data/crawled/raw_images/690_0.jpg,B,58.6,craft,서울과기대_craft,서울과기대,평소작,690
data/crawled/raw_images/714_0.jpg,C,38.7,design_general,인천대_design_general,인천대,재현작,714
data/crawled/raw_images/2112_0.jpg,A,72.0,fine_art,이화여대_fine_art,이화여대,평소작,2112
data/crawled/raw_images/1816_0.jpg,B,53.8,animation,청강대_animation,청강대,평소작,1816
data/crawled/raw_images/2643_0.jpg,B,52.6,design_general,상명대_design_general,상명대,재현작,2643
data/crawled/raw_images/2979_0.jpg,A,82.4,visual_design,건국대_visual_design,건국대,재현작,2979
data/crawled/raw_images/890_0.jpg,A,78.8,fine_art,경희대_fine_art,경희대,평소작,890
data/crawled/raw_images/3256_0.jpg,A,79.2,design_general,이화여대_design_general,이화여대,재현작,3256
data/crawled/raw_images/1407_0.jpg,A,72.0,visual_design,성균관대_visual_design,성균관대,평소작,1407
data/crawled/raw_images/1234_0.jpg,S,90.0,fine_art,서울대_fine_art,서울대,평소작,1234
data/crawled/raw_images/3385_0.jpeg,B,62.8,fashion,인하대_fashion,인하대,재현작,3385
data/crawled/raw_images/1007_0.jpeg,B,52.5,fashion,건국대_fashion,건국대,재현작,1007
data/crawled/raw_images/358_0.png,B,53.5,fine_art,단국대_fine_art,단국대,재현작,358
data/crawled/raw_images/1099_0.png,C,33.0,design_general,삼육대_design_general,삼육대,평소작,1099
data/crawled/raw_images/331_0.png,A,76.5,fine_art,이화여대_fine_art,이화여대,재현작,331
data/crawled/raw_images/3585_0.jpg,B,62.2,design_general,덕성여대_design_general,덕성여대,재현작,3585
data/crawled/raw_images/1022_0.jpg,B,49.2,sculpture,서울시립대_sculpture,서울시립대,평소작,1022
data/crawled/raw_images/2145_0.jpg,B,56.9,fashion,동덕여대_fashion,동덕여대,재현작,2145
data/crawled/raw_images/679_0.jpg,A,72.0,fine_art,중앙대_fine_art,중앙대,평소작,679
data/crawled/raw_images/1445_0.jpg,B,55.0,industrial_design,서울여대_industrial_design,서울여대,평소작,1445
data/crawled/raw_images/2426_0.jpg,C,39.8,industrial_design,협성대_industrial_design,협성대,평소작,2426
data/crawled/raw_images/2171_0.jpg,A,72.0,fine_art,경희대_fine_art,경희대,평소작,2171
data/crawled/raw_images/1997_0.jpg,A,72.0,fine_art,이화여대_fine_art,이화여대,평소작,1997
data/crawled/raw_images/2635_0.jpg,C,44.0,design_general,삼육대_design_general,삼육대,평소작,2635
data/crawled/raw_images/484_0.jpg,B,58.3,design_general,상명대_design_general,상명대,평소작,484
data/crawled/raw_images/1416_0.jpg,A,69.8,visual_design,성균관대_visual_design,성균관대,재현작,1416
data/crawled/raw_images/465_0.jpg,S,92.3,fine_art,서울대_fine_art,서울대,평소작,465
data/crawled/raw_images/3684_0.jpeg,A,73.9,fine_art,동국대_fine_art,동국대,평소작,3684
data/crawled/raw_images/2915_0.png,B,65.7,design_general,한성대_design_general,한성대,재현작,2915
data/crawled/raw_images/994_0.jpg,A,69.1,visual_design,중앙대_visual_design,중앙대,재현작,994
data/crawled/raw_images/2121_0.jpg,B,51.3,industrial_design,서울과기대_industrial_design,서울과기대,재현작,2121
data/crawled/raw_images/3812_0.jpg,A,67.6,visual_design,서울과기대_visual_design,서울과기대,재현작,3812
data/crawled/raw_images/864_0.jpg,A,81.6,visual_design,건국대_visual_design,건국대,평소작,864
data/crawled/raw_images/391_0.png,A,77.5,fine_art,중앙대_fine_art,중앙대,재현작,391
data/crawled/raw_images/1956_0.jpg,A,65.6,fine_art,이화여대_fine_art,이화여대,평소작,1956
data/crawled/raw_images/303_0.jpg,A,80.7,industrial_design,건국대_industrial_design,건국대,재현작,303
data/crawled/raw_images/1726_0.png,B,67.8,visual_design,동덕여대_visual_design,동덕여대,재현작,1726
data/crawled/raw_images/3572_0.jpg,A,76.1,sculpture,국민대_sculpture,국민대,평소작,3572
data/crawled/raw_images/2314_0.jpg,A,79.4,visual_design,서울과기대_visual_design,서울과기대,재현작,2314
data/crawled/raw_images/2206_0.jpg,C,45.9,visual_design,남서울대_visual_design,남서울대,평소작,2206
data/crawled/raw_images/1981_0.jpg,A,73.0,fine_art,경희대_fine_art,경희대,평소작,1981
data/crawled/raw_images/1079_0.jpg,A,65.1,visual_design,서울과기대_visual_design,서울과기대,평소작,1079
data/crawled/raw_images/3325_0.jpg,B,65.5,design_general,한성대_design_general,한성대,재현작,3325
data/crawled/raw_images/3380_0.jpg,B,62.4,craft,단국대_craft,단국대,재현작,3380
data/crawled/raw_images/2096_0.jpg,A,69.0,design_general,이화여대_design_general,이화여대,재현작,2096
data/crawled/raw_images/1115_0.jpg,A,78.9,fine_art,중앙대_fine_art,중앙대,평소작,1115
data/crawled/raw_images/3222_0.jpg,A,74.8,fine_art,경희대_fine_art,경희대,평소작,3222
data/crawled/raw_images/2031_0.jpg,B,52.7,fashion,동덕여대_fashion,동덕여대,평소작,2031
data/crawled/raw_images/3725_0.jpg,A,71.3,design_general,이화여대_design_general,이화여대,재현작,3725
data/crawled/raw_images/2142_0.jpg,B,54.6,interior,동덕여대_interior,동덕여대,unknown,2142
data/crawled/raw_images/3686_0.jpg,A,67.6,visual_design,서울과기대_visual_design,서울과기대,재현작,3686
data/crawled/raw_images/1141_0.jpg,C,41.9,industrial_design,협성대_industrial_design,협성대,평소작,1141
data/crawled/raw_images/3497_0.jpg,A,80.5,design_general,건국대_design_general,건국대,재현작,3497
data/crawled/raw_images/2382_0.jpg,C,48.4,design_general,수원대_design_general,수원대,평소작,2382
data/crawled/raw_images/2881_0.jpg,B,61.3,industrial_design,단국대_industrial_design,단국대,평소작,2881
data/crawled/raw_images/3366_0.jpg,A,81.1,fine_art,중앙대_fine_art,중앙대,unknown,3366
data/crawled/raw_images/643_0.jpg,A,72.0,fine_art,경희대_fine_art,경희대,평소작,643
data/crawled/raw_images/3134_0.jpg,B,48.1,visual_design,숙명여대_visual_design,숙명여대,재현작,3134
data/crawled/raw_images/1344_0.jpg,B,54.9,visual_design,동덕여대_visual_design,동덕여대,unknown,1344
data/crawled/raw_images/612_0.jpg,B,48.6,sculpture,서울시립대_sculpture,서울시립대,평소작,612
data/crawled/raw_images/2215_0.jpg,B,51.3,craft,서울과기대_craft,서울과기대,재현작,2215
data/crawled/raw_images/246_0.png,S,83.5,industrial_design,국민대_industrial_design,국민대,재현작,246
data/crawled/raw_images/2540_0.jpg,B,67.3,visual_design,동덕여대_visual_design,동덕여대,평소작,2540
data/crawled/raw_images/1686_0.jpg,A,80.6,visual_design,건국대_visual_design,건국대,재현작,1686
data/crawled/raw_images/491_0.jpg,S,97.6,design_general,서울대_design_general,서울대,평소작,491
data/crawled/raw_images/1433_0.jpg,A,69.6,industrial_design,중앙대_industrial_design,중앙대,재현작,1433
data/crawled/raw_images/2920_0.jpg,B,67.5,industrial_design,가천대_industrial_design,가천대,재현작,2920
data/crawled/raw_images/1122_0.jpg,B,58.6,industrial_design,서울과기대_industrial_design,서울과기대,재현작,1122
data/crawled/raw_images/1889_0.png,B,62.9,industrial_design,상명대_industrial_design,상명대,평소작,1889
data/crawled/raw_images/3449_0.jpg,B,59.7,craft,서울과기대_craft,서울과기대,재현작,3449
data/crawled/raw_images/2896_0.jpg,A,78.5,visual_design,서울과기대_visual_design,서울과기대,재현작,2896
data/crawled/raw_images/2632_0.jpg,A,73.7,visual_design,한양대_visual_design,한양대,재현작,2632
data/crawled/raw_images/3673_0.jpg,B,48.0,visual_design,숙명여대_visual_design,숙명여대,재현작,3673
data/crawled/raw_images/3290_0.jpeg,B,52.2,craft,서울과기대_craft,서울과기대,재현작,3290
data/crawled/raw_images/2038_0.jpg,S,85.6,industrial_design,국민대_industrial_design,국민대,평소작,2038
data/crawled/raw_images/2408_0.jpg,B,67.7,visual_design,서울여대_visual_design,서울여대,재현작,2408
data/crawled/raw_images/2990_0.jpg,B,56.9,visual_design,숙명여대_visual_design,숙명여대,재현작,2990
data/crawled/raw_images/1268_0.jpg,B,66.2,visual_design,명지대_visual_design,명지대,재현작,1268
data/crawled/raw_images/1250_0.jpg,B,66.3,industrial_design,가천대_industrial_design,가천대,평소작,1250
data/crawled/raw_images/2546_0.jpg,S,82.1,industrial_design,국민대_industrial_design,국민대,재현작,2546
data/crawled/raw_images/3601_0.jpeg,A,83.7,visual_design,국민대_visual_design,국민대,평소작,3601
data/crawled/raw_images/2278_0.jpg,B,67.0,visual_design,동덕여대_visual_design,동덕여대,재현작,2278
data/crawled/raw_images/3753_0.jpg,A,74.9,industrial_design,경희대_industrial_design,경희대,재현작,3753
data/crawled/raw_images/326_0.png,B,50.7,industrial_design,성신여대_industrial_design,성신여대,재현작,326
data/crawled/raw_images/1346_0.jpg,B,58.3,craft,서울과기대_craft,서울과기대,unknown,1346
data/crawled/raw_images/2830_0.png,B,61.0,design_general,경기대_design_general,경기대,재현작,2830
data/crawled/raw_images/2771_0.jpg,B,56.4,craft,동덕여대_craft,동덕여대,재현작,2771
data/crawled/raw_images/3630_0.jpg,A,78.2,fashion,경희대_fashion,경희대,평소작,3630
data/crawled/raw_images/1835_0.jpg,B,57.0,design_general,한성대_design_general,한성대,평소작,1835
data/crawled/raw_images/877_0.jpg,B,63.3,industrial_design,상명대_industrial_design,상명대,재현작,877
data/crawled/raw_images/2899_0.jpg,B,54.1,animation,청강대_animation,청강대,재현작,2899
data/crawled/raw_images/3645_0.jpg,B,54.4,craft,동덕여대_craft,동덕여대,재현작,3645
data/crawled/raw_images/1090_0.jpg,B,48.6,sculpture,서울시립대_sculpture,서울시립대,평소작,1090
data/crawled/raw_images/3362_0.jpg,B,51.6,fine_art,가천대_fine_art,가천대,평소작,3362
data/crawled/raw_images/1242_0.jpg,B,55.0,industrial_design,성신여대_industrial_design,성신여대,재현작,1242
data/crawled/raw_images/3204_0.jpg,A,80.0,industrial_design,건국대_industrial_design,건국대,재현작,3204
data/crawled/raw_images/2680_0.jpg,A,69.3,visual_design,한양대_visual_design,한양대,재현작,2680
data/crawled/raw_images/2796_0.jpg,A,76.2,visual_design,건국대_visual_design,건국대,평소작,2796
data/crawled/raw_images/1123_0.jpg,A,78.9,fine_art,중앙대_fine_art,중앙대,평소작,1123
data/crawled/raw_images/1156_0.jpg,A,80.4,industrial_design,건국대_industrial_design,건국대,평소작,1156
data/crawled/raw_images/2932_0.jpg,C,35.8,design_general,인천대_design_general,인천대,평소작,2932
data/crawled/raw_images/1721_0.jpg,B,62.5,craft,단국대_craft,단국대,평소작,1721
data/crawled/raw_images/3934_0.jpg,B,65.1,design_general,한성대_design_general,한성대,재현작,3934
data/crawled/raw_images/627_0.jpg,A,73.3,craft,중앙대_craft,중앙대,평소작,627
data/crawled/raw_images/3258_0.jpg,C,45.1,design_general,수원대_design_general,수원대,재현작,3258
data/crawled/raw_images/2060_0.jpg,A,65.7,fashion,국민대_fashion,국민대,재현작,2060
data/crawled/raw_images/1866_0.jpg,C,35.3,industrial_design,협성대_industrial_design,협성대,평소작,1866
data/crawled/raw_images/2696_0.jpg,A,70.0,design_general,연세대_design_general,연세대,재현작,2696
data/crawled/raw_images/1020_0.jpg,B,54.9,fine_art,단국대_fine_art,단국대,평소작,1020
data/crawled/raw_images/3711_0.jpg,B,58.8,design_general,상명대_design_general,상명대,재현작,3711
data/crawled/raw_images/3671_0.jpg,A,76.1,fine_art,중앙대_fine_art,중앙대,평소작,3671
data/crawled/raw_images/3059_0.jpg,C,46.8,design_general,삼육대_design_general,삼육대,평소작,3059
data/crawled/raw_images/2505_0.jpg,B,62.6,visual_design,단국대_visual_design,단국대,재현작,2505
data/crawled/raw_images/948_0.jpg,C,45.1,visual_design,남서울대_visual_design,남서울대,평소작,948
data/crawled/raw_images/1623_0.jpg,A,69.3,craft,국민대_craft,국민대,평소작,1623
data/crawled/raw_images/2769_0.jpg,A,73.7,visual_design,한양대_visual_design,한양대,재현작,2769
data/crawled/raw_images/1145_0.jpg,B,55.2,animation,청강대_animation,청강대,평소작,1145
data/crawled/raw_images/1362_0.jpg,S,85.3,industrial_design,국민대_industrial_design,국민대,재현작,1362
data/crawled/raw_images/2401_0.jpg,B,66.8,design_general,덕성여대_design_general,덕성여대,재현작,2401
data/crawled/raw_images/2822_0.png,C,47.7,industrial_design,서경대_industrial_design,서경대,재현작,2822
data/crawled/raw_images/968_0.jpeg,A,67.1,visual_design,성균관대_visual_design,성균관대,재현작,968
data/crawled/raw_images/394_0.jpg,A,84,industrial_design,건국대_industrial_design,건국대,재현작,394
data/crawled/raw_images/587_0.jpg,B,53.5,fine_art,건국대_fine_art,건국대,평소작,587
data/crawled/raw_images/2281_0.jpg,B,67.3,visual_design,동덕여대_visual_design,동덕여대,재현작,2281
data/crawled/raw_images/1624_0.jpg,A,79.7,industrial_design,건국대_industrial_design,건국대,재현작,1624
data/crawled/raw_images/1910_0.jpg,C,35.9,design_general,인천대_design_general,인천대,재현작,1910
data/crawled/raw_images/739_0.jpg,A,78.4,fine_art,중앙대_fine_art,중앙대,평소작,739
data/crawled/raw_images/3870_0.jpg,B,62.7,fashion,인하대_fashion,인하대,평소작,3870
data/crawled/raw_images/613_0.jpg,A,74.4,visual_design,건국대_visual_design,건국대,평소작,613
data/crawled/raw_images/2571_0.jpg,B,61.8,craft,단국대_craft,단국대,재현작,2571
data/crawled/raw_images/1478_0.jpg,B,61.4,design_general,인하대_design_general,인하대,재현작,1478
data/crawled/raw_images/889_0.jpg,A,65.5,visual_design,국민대_visual_design,국민대,재현작,889
data/crawled/raw_images/1519_0.jpg,B,56.0,design_general,상명대_design_general,상명대,재현작,1519
data/crawled/raw_images/1549_0.jpg,B,67.8,visual_design,동덕여대_visual_design,동덕여대,재현작,1549
data/crawled/raw_images/1364_0.jpg,B,50.7,animation,청강대_animation,청강대,평소작,1364
data/crawled/raw_images/961_0.jpg,C,47.4,industrial_design,서경대_industrial_design,서경대,재현작,961
data/crawled/raw_images/2175_0.jpg,A,73.6,visual_design,건국대_visual_design,건국대,재현작,2175
data/crawled/raw_images/1626_0.jpg,B,60.4,design_general,한성대_design_general,한성대,재현작,1626
data/crawled/raw_images/1003_0.jpg,B,57.2,fine_art,가천대_fine_art,가천대,평소작,1003
data/crawled/raw_images/2201_0.jpg,B,54.3,animation,청강대_animation,청강대,평소작,2201
data/crawled/raw_images/2602_0.jpg,C,44.5,design_general,백석대_design_general,백석대,재현작,2602
data/crawled/raw_images/642_0.jpg,A,72.0,fine_art,중앙대_fine_art,중앙대,평소작,642
data/crawled/raw_images/2542_0.jpg,B,62.6,visual_design,단국대_visual_design,단국대,재현작,2542
data/crawled/raw_images/2751_0.jpg,B,49.2,sculpture,서울시립대_sculpture,서울시립대,평소작,2751
data/crawled/raw_images/3594_0.jpg,A,68.7,design_general,한양대_design_general,한양대,평소작,3594
data/crawled/raw_images/1489_0.jpg,B,53.9,visual_design,동덕여대_visual_design,동덕여대,재현작,1489
data/crawled/raw_images/3559_0.jpg,S,89.1,fine_art,서울대_fine_art,서울대,평소작,3559
data/crawled/raw_images/2752_0.jpg,B,49.2,sculpture,서울시립대_sculpture,서울시립대,평소작,2752
data/crawled/raw_images/3000_0.jpg,B,61.8,fashion,동덕여대_fashion,동덕여대,재현작,3000
data/crawled/raw_images/1339_0.jpg,A,72.3,fine_art,경희대_fine_art,경희대,평소작,1339
data/crawled/raw_images/3025_0.jpg,A,83.8,industrial_design,경희대_industrial_design,경희대,재현작,3025
data/crawled/raw_images/2911_0.jpg,B,66.0,visual_design,동덕여대_visual_design,동덕여대,재현작,2911
data/crawled/raw_images/1766_0.jpg,B,66.0,design_general,인하대_design_general,인하대,재현작,1766
data/crawled/raw_images/3463_0.jpg,B,65.9,visual_design,동덕여대_visual_design,동덕여대,재현작,3463
data/crawled/raw_images/653_0.jpg,A,75.9,industrial_design,경희대_industrial_design,경희대,재현작,653
data/crawled/raw_images/3030_0.jpg,A,83.7,visual_design,경희대_visual_design,경희대,재현작,3030
data/crawled/raw_images/879_0.jpg,A,80.3,fine_art,경희대_fine_art,경희대,재현작,879
data/crawled/raw_images/3247_0.jpg,A,75.0,fine_art,경희대_fine_art,경희대,unknown,3247
data/crawled/raw_images/1933_0.jpg,B,49.6,sculpture,서울시립대_sculpture,서울시립대,unknown,1933
data/crawled/raw_images/1988_0.jpg,B,54.6,interior,동덕여대_interior,동덕여대,재현작,1988
data/crawled/raw_images/287_0.jpg,S,93.5,fine_art,서울대_fine_art,서울대,평소작,287
data/crawled/raw_images/3726_0.jpg,A,71.3,design_general,이화여대_design_general,이화여대,재현작,3726
data/crawled/raw_images/1553_0.jpg,B,51.0,craft,단국대_craft,단국대,재현작,1553
data/crawled/raw_images/2159_0.jpg,B,51.3,industrial_design,서울과기대_industrial_design,서울과기대,재현작,2159
data/crawled/raw_images/1428_0.jpeg,A,69.1,craft,성신여대_craft,성신여대,재현작,1428
data/crawled/raw_images/995_0.jpg,A,74.3,craft,중앙대_craft,중앙대,재현작,995
data/crawled/raw_images/576_0.jpg,B,48.6,sculpture,서울시립대_sculpture,서울시립대,평소작,576
data/crawled/raw_images/3209_0.jpg,B,56.2,visual_design,동덕여대_visual_design,동덕여대,평소작,3209
data/crawled/raw_images/3792_0.jpg,A,71.3,design_general,이화여대_design_general,이화여대,재현작,3792
data/crawled/raw_images/772_0.jpeg,A,77.3,fine_art,성신여대_fine_art,성신여대,재현작,772
data/crawled/raw_images/3220_0.jpg,A,72.6,visual_design,한양대_visual_design,한양대,평소작,3220
data/crawled/raw_images/2925_0.jpg,B,58.5,design_general,상명대_design_general,상명대,재현작,2925
data/crawled/raw_images/2674_0.jpg,B,49.4,visual_design,숙명여대_visual_design,숙명여대,재현작,2674
data/crawled/raw_images/3132_0.jpg,A,77.3,visual_design,건국대_visual_design,건국대,재현작,3132
data/crawled/raw_images/3235_0.png,S,88.8,fine_art,서울대_fine_art,서울대,평소작,3235
data/crawled/raw_images/2305_0.jpg,B,62.8,craft,단국대_craft,단국대,재현작,2305
data/crawled/raw_images/1970_0.jpg,B,52.8,industrial_design,단국대_industrial_design,단국대,재현작,1970
data/crawled/raw_images/1196_0.jpg,A,72.0,fine_art,동국대_fine_art,동국대,평소작,1196
data/crawled/raw_images/3793_0.jpg,C,47.6,industrial_design,서경대_industrial_design,서경대,재현작,3793
data/crawled/raw_images/731_0.jpg,B,64.4,design_general,경기대_design_general,경기대,재현작,731
data/crawled/raw_images/2904_0.jpg,A,78.5,fine_art,중앙대_fine_art,중앙대,평소작,2904
data/crawled/raw_images/1355_0.jpg,B,59.8,animation,청강대_animation,청강대,평소작,1355
data/crawled/raw_images/1492_0.jpg,B,58.7,craft,서울여대_craft,서울여대,재현작,1492
data/crawled/raw_images/1731_0.jpg,C,45.9,visual_design,남서울대_visual_design,남서울대,재현작,1731
data/crawled/raw_images/2052_0.jpg,A,65.7,fashion,국민대_fashion,국민대,평소작,2052
data/crawled/raw_images/3718_0.png,A,71.3,design_general,이화여대_design_general,이화여대,재현작,3718
data/crawled/raw_images/2519_0.jpg,B,66.8,design_general,덕성여대_design_general,덕성여대,평소작,2519
data/crawled/raw_images/1643_0.jpg,A,83.8,visual_design,경희대_visual_design,경희대,재현작,1643
data/crawled/raw_images/1327_0.jpg,A,81.7,craft,성신여대_craft,성신여대,재현작,1327
data/crawled/raw_images/2356_0.jpg,B,66.3,craft,서울여대_craft,서울여대,재현작,2356
data/crawled/raw_images/3708_0.jpg,A,77.2,design_general,건국대_design_general,건국대,재현작,3708
data/crawled/raw_images/1093_0.jpg,B,48.6,sculpture,서울시립대_sculpture,서울시립대,평소작,1093
data/crawled/raw_images/914_0.jpg,A,70.6,fine_art,경희대_fine_art,경희대,평소작,914
data/crawled/raw_images/3560_0.jpg,A,75.5,fashion,경희대_fashion,경희대,재현작,3560
data/crawled/raw_images/3864_0.jpeg,B,52.3,fine_art,가천대_fine_art,가천대,평소작,3864
data/crawled/raw_images/1472_0.jpg,A,79.4,interior,건국대_interior,건국대,평소작,1472
data/crawled/raw_images/305_0.jpg,S,97.8,design_general,서울대_design_general,서울대,재현작,305
data/crawled/raw_images/3936_0.png,B,65.2,design_general,인하대_design_general,인하대,재현작,3936
data/crawled/raw_images/2316_0.jpg,B,57.6,fine_art,건국대_fine_art,건국대,재현작,2316
data/crawled/raw_images/2480_0.jpg,C,33.7,design_general,인천가톨릭대_design_general,인천가톨릭대,재현작,2480
data/crawled/raw_images/3650_0.jpg,B,50.8,visual_design,동덕여대_visual_design,동덕여대,재현작,3650
data/crawled/raw_images/3913_0.png,C,49.5,industrial_design,서경대_industrial_design,서경대,재현작,3913
data/crawled/raw_images/2783_0.jpg,B,59.1,animation,청강대_animation,청강대,재현작,2783
data/crawled/raw_images/1585_0.jpg,B,48.6,sculpture,서울시립대_sculpture,서울시립대,unknown,1585
data/crawled/raw_images/2144_0.jpg,B,54.3,visual_design,동덕여대_visual_design,동덕여대,재현작,2144
data/crawled/raw_images/1350_0.jpg,A,74.5,craft,숙명여대_craft,숙명여대,재현작,1350
data/crawled/raw_images/1118_0.jpg,B,60.7,industrial_design,상명대_industrial_design,상명대,재현작,1118
data/crawled/raw_images/659_0.jpg,A,69.2,industrial_design,중앙대_industrial_design,중앙대,재현작,659
data/crawled/raw_images/2615_0.jpg,A,72.9,fine_art,경희대_fine_art,경희대,평소작,2615
data/crawled/raw_images/505_0.jpg,A,73.0,design_general,이화여대_design_general,이화여대,평소작,505
data/crawled/raw_images/3267_0.jpg,B,52.0,design_general,상명대_design_general,상명대,재현작,3267
data/crawled/raw_images/1088_0.jpg,A,65.3,fine_art,성신여대_fine_art,성신여대,평소작,1088
data/crawled/raw_images/1127_0.jpg,B,53.1,animation,청강대_animation,청강대,평소작,1127
data/crawled/raw_images/2792_0.jpg,B,53.4,visual_design,동덕여대_visual_design,동덕여대,재현작,2792
data/crawled/raw_images/3295_0.jpg,A,70.8,design_general,이화여대_design_general,이화여대,재현작,3295
data/crawled/raw_images/2787_0.jpg,A,76.7,visual_design,건국대_visual_design,건국대,재현작,2787
data/crawled/raw_images/466_0.jpg,A,82.8,visual_design,건국대_visual_design,건국대,재현작,466
data/crawled/raw_images/2863_0.png,B,66.2,industrial_design,성신여대_industrial_design,성신여대,평소작,2863
data/crawled/raw_images/3647_0.jpg,B,54.4,craft,동덕여대_craft,동덕여대,재현작,3647
data/crawled/raw_images/2000_0.jpg,B,48.7,fine_art,성균관대_fine_art,성균관대,평소작,2000
data/crawled/raw_images/3101_0.jpg,C,46.8,design_general,삼육대_design_general,삼육대,재현작,3101
data/crawled/raw_images/1877_0.jpg,B,67.4,design_general,덕성여대_design_general,덕성여대,재현작,1877
data/crawled/raw_images/717_0.jpg,B,52.4,visual_design,단국대_visual_design,단국대,평소작,717
data/crawled/raw_images/972_0.jpeg,A,79.7,visual_design,건국대_visual_design,건국대,재현작,972
data/crawled/raw_images/1439_0.jpg,A,70.9,visual_design,한양대_visual_design,한양대,재현작,1439
data/crawled/raw_images/2037_0.jpg,A,73.2,visual_design,건국대_visual_design,건국대,평소작,2037
data/crawled/raw_images/1665_0.jpg,B,60.2,animation,청강대_animation,청강대,평소작,1665
data/crawled/raw_images/3551_0.jpg,B,50.3,sculpture,서울시립대_sculpture,서울시립대,평소작,3551
data/crawled/raw_images/703_0.jpg,B,56.8,animation,청강대_animation,청강대,재현작,703
data/crawled/raw_images/2304_0.jpg,A,80.9,industrial_design,건국대_industrial_design,건국대,평소작,2304
data/crawled/raw_images/2807_0.jpg,A,71.9,design_general,이화여대_design_general,이화여대,재현작,2807
data/crawled/raw_images/314_0.jpg,B,52.3,design_general,상명대_design_general,상명대,재현작,314
data/crawled/raw_images/1853_0.jpg,A,65.7,fashion,국민대_fashion,국민대,재현작,1853
data/crawled/raw_images/952_0.jpg,B,57.9,design_general,인하대_design_general,인하대,평소작,952
data/crawled/raw_images/2510_0.jpg,A,65.1,fashion,국민대_fashion,국민대,평소작,2510
data/crawled/raw_images/3161_0.jpg,B,63.5,visual_design,명지대_visual_design,명지대,재현작,3161
data/crawled/raw_images/3372_0.jpg,B,56.1,animation,청강대_animation,청강대,재현작,3372
data/crawled/raw_images/259_0.png,A,68.9,fine_art,성신여대_fine_art,성신여대,재현작,259
data/crawled/raw_images/3747_0.jpg,B,63.3,visual_design,가천대_visual_design,가천대,재현작,3747
data/crawled/raw_images/1848_0.jpg,C,38.8,visual_design,남서울대_visual_design,남서울대,재현작,1848
data/crawled/raw_images/2623_0.jpg,B,51.6,craft,서울과기대_craft,서울과기대,재현작,2623
data/crawled/raw_images/2551_0.jpg,B,57.8,design_general,상명대_design_general,상명대,재현작,2551
data/crawled/raw_images/2094_0.jpg,B,53.9,visual_design,동덕여대_visual_design,동덕여대,재현작,2094
data/crawled/raw_images/3102_0.jpg,B,48.1,visual_design,숙명여대_visual_design,숙명여대,재현작,3102
data/crawled/raw_images/3860_0.jpg,B,61.9,visual_design,동덕여대_visual_design,동덕여대,평소작,3860
data/crawled/raw_images/278_0.jpg,A,65.6,visual_design,국민대_visual_design,국민대,평소작,278
data/crawled/raw_images/908_0.jpg,A,66.5,fine_art,성신여대_fine_art,성신여대,평소작,908
data/crawled/raw_images/1921_0.jpg,B,49.6,sculpture,서울시립대_sculpture,서울시립대,평소작,1921
data/crawled/raw_images/1091_0.jpg,B,54.5,fine_art,가천대_fine_art,가천대,평소작,1091
data/crawled/raw_images/2251_0.jpg,B,49.5,sculpture,서울시립대_sculpture,서울시립대,unknown,2251
data/crawled/raw_images/1412_0.jpg,A,81.7,visual_design,한양대_visual_design,한양대,재현작,1412
data/crawled/raw_images/2710_0.jpg,A,79.1,industrial_design,건국대_industrial_design,건국대,재현작,2710
data/crawled/raw_images/313_0.png,B,54.7,animation,청강대_animation,청강대,평소작,313
data/crawled/raw_images/1907_0.jpg,B,55.4,craft,서울여대_craft,서울여대,평소작,1907
data/crawled/raw_images/3114_0.jpg,B,50.2,craft,서울과기대_craft,서울과기대,재현작,3114
data/crawled/raw_images/3240_0.png,S,88.8,fine_art,서울대_fine_art,서울대,unknown,3240
data/crawled/raw_images/1580_0.jpg,B,48.6,sculpture,서울시립대_sculpture,서울시립대,unknown,1580
data/crawled/raw_images/3822_0.jpg,S,87.2,fine_art,서울대_fine_art,서울대,평소작,3822
data/crawled/raw_images/1599_0.jpg,B,55.1,visual_design,단국대_visual_design,단국대,재현작,1599
data/crawled/raw_images/959_0.jpg,C,40.3,industrial_design,협성대_industrial_design,협성대,평소작,959
data/crawled/raw_images/1324_0.jpg,B,62.6,design_general,한성대_design_general,한성대,재현작,1324
data/crawled/raw_images/3118_0.jpg,B,59.5,design_general,덕성여대_design_general,덕성여대,평소작,3118
data/crawled/raw_images/2851_0.png,B,65.6,craft,서울여대_craft,서울여대,재현작,2851
data/crawled/raw_images/2133_0.jpg,C,49.5,visual_design,서경대_visual_design,서경대,재현작,2133
data/crawled/raw_images/1510_0.jpg,A,73.5,design_general,고려대_design_general,고려대,재현작,1510
data/crawled/raw_images/559_0.jpeg,S,84.4,industrial_design,국민대_industrial_design,국민대,평소작,559
data/crawled/raw_images/3819_0.jpg,S,87.2,fine_art,서울대_fine_art,서울대,unknown,3819
data/crawled/raw_images/997_0.jpg,B,50.2,visual_design,명지대_visual_design,명지대,재현작,997
data/crawled/raw_images/1825_0.jpg,A,81.2,visual_design,건국대_visual_design,건국대,재현작,1825
data/crawled/raw_images/3389_0.jpg,B,58.8,design_general,상명대_design_general,상명대,재현작,3389
data/crawled/raw_images/2287_0.jpg,B,66.6,interior,동덕여대_interior,동덕여대,재현작,2287
data/crawled/raw_images/1900_0.jpg,B,62.9,industrial_design,상명대_industrial_design,상명대,재현작,1900
data/crawled/raw_images/1051_0.jpg,A,69.6,visual_design,한양대_visual_design,한양대,재현작,1051
data/crawled/raw_images/3002_0.jpg,A,83.8,industrial_design,경희대_industrial_design,경희대,재현작,3002
data/crawled/raw_images/676_0.jpg,B,66.4,industrial_design,성신여대_industrial_design,성신여대,평소작,676
data/crawled/raw_images/3922_0.jpg,C,45.4,visual_design,용인대_visual_design,용인대,재현작,3922
data/crawled/raw_images/398_0.jpg,B,59.3,craft,단국대_craft,단국대,재현작,398
data/crawled/raw_images/608_0.jpg,A,66.6,fashion,국민대_fashion,국민대,재현작,608
data/crawled/raw_images/2522_0.jpg,C,47.1,design_general,삼육대_design_general,삼육대,평소작,2522
data/crawled/raw_images/944_0.jpg,B,54.5,visual_design,동덕여대_visual_design,동덕여대,평소작,944
data/crawled/raw_images/2856_0.jpg,A,82.3,craft,성신여대_craft,성신여대,평소작,2856
data/crawled/raw_images/2026_0.jpg,A,75.4,fine_art,동국대_fine_art,동국대,평소작,2026
data/crawled/raw_images/832_0.jpg,B,66.6,interior,동덕여대_interior,동덕여대,재현작,832
data/crawled/raw_images/3460_0.jpg,C,45.0,design_general,백석대_design_general,백석대,재현작,3460
data/crawled/raw_images/531_0.jpg,A,75.9,visual_design,경희대_visual_design,경희대,재현작,531
data/crawled/raw_images/3802_0.jpg,B,65.9,visual_design,동덕여대_visual_design,동덕여대,재현작,3802
data/crawled/raw_images/758_0.jpg,C,42.6,industrial_design,협성대_industrial_design,협성대,평소작,758
data/crawled/raw_images/2437_0.jpg,A,83.2,fashion,경희대_fashion,경희대,재현작,2437
data/crawled/raw_images/2063_0.jpg,B,51.9,craft,서울과기대_craft,서울과기대,재현작,2063
data/crawled/raw_images/2926_0.jpg,C,49.1,design_general,삼육대_design_general,삼육대,재현작,2926
data/crawled/raw_images/1978_0.jpg,A,76.2,craft,성신여대_craft,성신여대,재현작,1978
data/crawled/raw_images/3800_0.jpg,A,76.6,craft,성신여대_craft,성신여대,재현작,3800
data/crawled/raw_images/3152_0.jpg,A,80.0,industrial_design,건국대_industrial_design,건국대,재현작,3152
data/crawled/raw_images/2803_0.jpg,B,67.7,visual_design,서울여대_visual_design,서울여대,평소작,2803
data/crawled/raw_images/861_0.jpg,B,64.7,industrial_design,단국대_industrial_design,단국대,평소작,861
data/crawled/raw_images/2130_0.jpg,C,44.7,design_general,수원대_design_general,수원대,재현작,2130
data/crawled/raw_images/397_0.jpg,B,66.1,craft,단국대_craft,단국대,재현작,397
data/crawled/raw_images/2968_0.jpg,C,48.0,design_general,수원대_design_general,수원대,재현작,2968
data/crawled/raw_images/3280_0.jpg,A,72.0,visual_design,경희대_visual_design,경희대,재현작,3280
data/crawled/raw_images/2970_0.jpg,A,81.1,fine_art,경희대_fine_art,경희대,평소작,2970
data/crawled/raw_images/2921_0.jpg,A,76.6,fine_art,성신여대_fine_art,성신여대,평소작,2921
data/crawled/raw_images/2178_0.jpg,A,73.3,visual_design,한양대_visual_design,한양대,재현작,2178
data/crawled/raw_images/996_0.jpg,A,72.1,visual_design,경희대_visual_design,경희대,재현작,996
data/crawled/raw_images/857_0.jpg,B,56.8,animation,청강대_animation,청강대,평소작,857
data/crawled/raw_images/294_0.jpg,A,74.2,fine_art,경희대_fine_art,경희대,평소작,294
data/crawled/raw_images/1002_0.jpg,A,75.8,fine_art,동국대_fine_art,동국대,평소작,1002
data/crawled/raw_images/3265_0.jpeg,B,64.0,visual_design,단국대_visual_design,단국대,재현작,3265
data/crawled/raw_images/1898_0.jpg,B,62.5,industrial_design,단국대_industrial_design,단국대,재현작,1898
data/crawled/raw_images/2134_0.jpg,B,63.4,design_general,경기대_design_general,경기대,재현작,2134
data/crawled/raw_images/2827_0.png,C,44.3,design_general,수원대_design_general,수원대,재현작,2827
data/crawled/raw_images/3532_0.jpg,B,50.0,industrial_design,서울과기대_industrial_design,서울과기대,재현작,3532
data/crawled/raw_images/206_0.png,S,83.0,industrial_design,국민대_industrial_design,국민대,재현작,206
data/crawled/raw_images/648_0.jpg,B,55.0,fine_art,단국대_fine_art,단국대,평소작,648
data/crawled/raw_images/411_0.jpg,B,60.8,craft,동덕여대_craft,동덕여대,재현작,411
data/crawled/raw_images/1771_0.jpeg,B,67.4,design_general,덕성여대_design_general,덕성여대,재현작,1771
data/crawled/raw_images/699_0.jpg,B,66.5,craft,서울여대_craft,서울여대,재현작,699
data/crawled/raw_images/3549_0.jpg,A,69.8,design_general,홍익대_design_general,홍익대,평소작,3549
data/crawled/raw_images/649_0.jpg,A,68.2,fine_art,동국대_fine_art,동국대,평소작,649
data/crawled/raw_images/438_0.jpeg,A,78.1,fine_art,중앙대_fine_art,중앙대,평소작,438
data/crawled/raw_images/3313_0.jpg,A,83.4,fashion,경희대_fashion,경희대,재현작,3313
data/crawled/raw_images/3653_0.jpeg,A,74.7,fine_art,경희대_fine_art,경희대,평소작,3653
data/crawled/raw_images/3062_0.jpg,C,48.0,design_general,수원대_design_general,수원대,재현작,3062
data/crawled/raw_images/1979_0.jpg,B,48.4,visual_design,숙명여대_visual_design,숙명여대,재현작,1979
data/crawled/raw_images/790_0.jpg,B,62.6,design_general,한성대_design_general,한성대,평소작,790
data/crawled/raw_images/2323_0.jpg,B,64.4,design_general,한성대_design_general,한성대,재현작,2323
data/crawled/raw_images/490_0.jpg,B,61.5,visual_design,서울시립대_visual_design,서울시립대,평소작,490
data/crawled/raw_images/2265_0.jpg,A,72.3,visual_design,한양대_visual_design,한양대,재현작,2265
data/crawled/raw_images/1935_0.jpg,S,93.8,fine_art,서울대_fine_art,서울대,평소작,1935
data/crawled/raw_images/371_0.jpg,B,67.9,craft,서울여대_craft,서울여대,재현작,371
data/crawled/raw_images/3264_0.jpg,B,53.1,industrial_design,단국대_industrial_design,단국대,재현작,3264
data/crawled/raw_images/1822_0.jpg,C,43.9,design_general,백석대_design_general,백석대,평소작,1822
data/crawled/raw_images/3195_0.jpg,A,71.6,fine_art,동국대_fine_art,동국대,평소작,3195
data/crawled/raw_images/1400_0.jpg,B,55.0,industrial_design,서울여대_industrial_design,서울여대,평소작,1400
data/crawled/raw_images/1885_0.jpg,C,49.8,visual_design,서경대_visual_design,서경대,평소작,1885
data/crawled/raw_images/2622_0.jpg,B,48.2,fine_art,성균관대_fine_art,성균관대,평소작,2622
data/crawled/raw_images/1015_0.jpg,A,70.4,design_general,이화여대_design_general,이화여대,평소작,1015
data/crawled/raw_images/1441_0.jpg,A,71.7,visual_design,건국대_visual_design,건국대,재현작,1441
data/crawled/raw_images/2764_0.jpg,B,55.6,craft,단국대_craft,단국대,재현작,2764
data/crawled/raw_images/1462_0.jpg,A,68.3,visual_design,중앙대_visual_design,중앙대,재현작,1462
data/crawled/raw_images/3627_0.jpg,A,70.0,design_general,한양대_design_general,한양대,재현작,3627
data/crawled/raw_images/1677_0.jpeg,B,55.9,design_general,상명대_design_general,상명대,unknown,1677
data/crawled/raw_images/2366_0.jpg,A,81.4,visual_design,건국대_visual_design,건국대,평소작,2366
data/crawled/raw_images/834_0.jpg,B,58.7,design_general,상명대_design_general,상명대,재현작,834
data/crawled/raw_images/3307_0.jpeg,A,80.9,craft,중앙대_craft,중앙대,재현작,3307
data/crawled/raw_images/2404_0.jpg,B,56.5,visual_design,서울시립대_visual_design,서울시립대,재현작,2404
data/crawled/raw_images/1902_0.jpg,B,56.3,visual_design,가천대_visual_design,가천대,재현작,1902
data/crawled/raw_images/1927_0.jpg,B,52.7,fashion,동덕여대_fashion,동덕여대,평소작,1927
data/crawled/raw_images/1368_0.jpg,A,72.0,design_general,이화여대_design_general,이화여대,평소작,1368
data/crawled/raw_images/2326_0.jpg,A,81.3,visual_design,건국대_visual_design,건국대,재현작,2326
data/crawled/raw_images/3046_0.jpg,A,65.4,fashion,국민대_fashion,국민대,재현작,3046
data/crawled/raw_images/542_0.jpg,A,70.6,craft,국민대_craft,국민대,재현작,542
data/crawled/raw_images/900_0.jpg,B,49.2,sculpture,서울시립대_sculpture,서울시립대,평소작,900
data/crawled/raw_images/450_0.jpg,B,66.1,craft,단국대_craft,단국대,재현작,450
data/crawled/raw_images/1037_0.jpg,A,69.4,industrial_design,중앙대_industrial_design,중앙대,재현작,1037
data/crawled/raw_images/1807_0.jpg,B,55.7,fine_art,건국대_fine_art,건국대,재현작,1807
data/crawled/raw_images/2467_0.jpg,B,50.6,animation,청강대_animation,청강대,평소작,2467
data/crawled/raw_images/629_0.jpg,A,83.5,design_general,건국대_design_general,건국대,재현작,629
data/crawled/raw_images/637_0.jpg,A,68.2,fine_art,동국대_fine_art,동국대,평소작,637
data/crawled/raw_images/351_0.jpg,B,66.6,visual_design,가천대_visual_design,가천대,재현작,351
data/crawled/raw_images/2128_0.jpg,B,49.9,design_general,상명대_design_general,상명대,재현작,2128
data/crawled/raw_images/1987_0.jpg,B,51.3,craft,서울과기대_craft,서울과기대,재현작,1987
data/crawled/raw_images/1854_0.jpg,B,56.3,visual_design,가천대_visual_design,가천대,재현작,1854
data/crawled/raw_images/408_0.jpg,B,54.9,animation,청강대_animation,청강대,재현작,408
data/crawled/raw_images/1575_0.jpg,B,53.9,visual_design,동덕여대_visual_design,동덕여대,재현작,1575
data/crawled/raw_images/1320_0.jpg,B,64.4,design_general,경기대_design_general,경기대,재현작,1320
data/crawled/raw_images/382_0.jpg,B,57.9,craft,서울과기대_craft,서울과기대,평소작,382
data/crawled/raw_images/3639_0.jpg,B,64.2,fine_art,단국대_fine_art,단국대,평소작,3639
data/crawled/raw_images/528_0.jpg,C,38.7,design_general,인천대_design_general,인천대,재현작,528
data/crawled/raw_images/1534_0.jpg,A,72.8,visual_design,한양대_visual_design,한양대,재현작,1534
data/crawled/raw_images/2625_0.jpg,B,53.4,visual_design,동덕여대_visual_design,동덕여대,재현작,2625
data/crawled/raw_images/3369_0.jpg,B,51.6,fine_art,가천대_fine_art,가천대,unknown,3369
data/crawled/raw_images/3105_0.jpg,B,59.2,visual_design,서울여대_visual_design,서울여대,평소작,3105
data/crawled/raw_images/3089_0.jpg,A,65.1,visual_design,국민대_visual_design,국민대,재현작,3089
data/crawled/raw_images/724_0.jpg,C,37.3,design_general,인천대_design_general,인천대,평소작,724
data/crawled/raw_images/1146_0.jpg,B,62.0,fashion,인하대_fashion,인하대,평소작,1146
data/crawled/raw_images/3670_0.jpeg,A,76.1,fine_art,중앙대_fine_art,중앙대,평소작,3670
data/crawled/raw_images/3709_0.jpg,A,70.0,design_general,한양대_design_general,한양대,재현작,3709
data/crawled/raw_images/1513_0.jpg,A,65.9,visual_design,국민대_visual_design,국민대,재현작,1513
data/crawled/raw_images/987_0.jpg,A,69.1,craft,성신여대_craft,성신여대,재현작,987
data/crawled/raw_images/3285_0.jpg,A,76.8,interior,건국대_interior,건국대,평소작,3285
data/crawled/raw_images/239_0.png,A,66.3,visual_design,국민대_visual_design,국민대,재현작,239
data/crawled/raw_images/3329_0.jpg,B,60.9,design_general,경기대_design_general,경기대,평소작,3329
data/crawled/raw_images/498_0.jpg,A,66.2,visual_design,국민대_visual_design,국민대,평소작,498
data/crawled/raw_images/3004_0.jpg,C,49.1,design_general,삼육대_design_general,삼육대,평소작,3004
data/crawled/raw_images/2296_0.jpg,B,54.6,fine_art,가천대_fine_art,가천대,재현작,2296
data/crawled/raw_images/2644_0.jpg,B,53.3,craft,서울과기대_craft,서울과기대,재현작,2644
data/crawled/raw_images/2006_0.jpg,A,67.2,fine_art,경희대_fine_art,경희대,평소작,2006
data/crawled/raw_images/563_0.jpg,B,50.0,fine_art,성균관대_fine_art,성균관대,평소작,563
data/crawled/raw_images/2861_0.png,B,58.5,design_general,상명대_design_general,상명대,평소작,2861
data/crawled/raw_images/2154_0.jpg,B,50.6,animation,청강대_animation,청강대,재현작,2154
data/crawled/raw_images/1004_0.jpg,A,77.8,visual_design,건국대_visual_design,건국대,재현작,1004
data/crawled/raw_images/2981_0.jpg,B,61.7,craft,단국대_craft,단국대,재현작,2981
data/crawled/raw_images/3150_0.jpg,B,55.3,craft,동덕여대_craft,동덕여대,재현작,3150
data/crawled/raw_images/330_0.png,A,79.6,fine_art,성신여대_fine_art,성신여대,평소작,330
data/crawled/raw_images/963_0.jpg,A,71.1,fashion,경희대_fashion,경희대,재현작,963
data/crawled/raw_images/565_0.jpg,A,69.6,craft,국민대_craft,국민대,평소작,565
data/crawled/raw_images/3838_0.png,B,67.9,visual_design,서울여대_visual_design,서울여대,재현작,3838
data/crawled/raw_images/2182_0.jpg,C,49.8,visual_design,서경대_visual_design,서경대,평소작,2182
data/crawled/raw_images/242_0.png,A,74.2,fine_art,경희대_fine_art,경희대,평소작,242
data/crawled/raw_images/1034_0.jpg,B,58.5,craft,서울과기대_craft,서울과기대,재현작,1034
data/crawled/raw_images/713_0.jpg,B,50.4,fine_art,단국대_fine_art,단국대,평소작,713
data/crawled/raw_images/1195_0.jpg,A,72.0,fine_art,경희대_fine_art,경희대,평소작,1195
data/crawled/raw_images/838_0.jpg,B,63.6,design_general,인하대_design_general,인하대,재현작,838
data/crawled/raw_images/3416_0.jpg,B,65.9,visual_design,동덕여대_visual_design,동덕여대,재현작,3416
data/crawled/raw_images/3643_0.jpg,C,45.0,design_general,백석대_design_general,백석대,재현작,3643
data/crawled/raw_images/2543_0.jpg,A,77.4,fine_art,이화여대_fine_art,이화여대,평소작,2543
data/crawled/raw_images/3140_0.jpg,A,81.9,visual_design,건국대_visual_design,건국대,평소작,3140
data/crawled/raw_images/984_0.jpg,A,65.1,visual_design,서울과기대_visual_design,서울과기대,재현작,984
data/crawled/raw_images/3728_0.jpg,A,70.5,craft,숙명여대_craft,숙명여대,재현작,3728
data/crawled/raw_images/1682_0.jpg,A,75.0,fine_art,성신여대_fine_art,성신여대,평소작,1682
data/crawled/raw_images/3852_0.jpeg,A,79.1,fine_art,중앙대_fine_art,중앙대,평소작,3852
data/crawled/raw_images/1888_0.jpg,C,49.3,design_general,삼육대_design_general,삼육대,평소작,1888
data/crawled/raw_images/3060_0.jpg,C,46.8,design_general,삼육대_design_general,삼육대,평소작,3060
data/crawled/raw_images/3701_0.jpg,B,59.3,craft,단국대_craft,단국대,재현작,3701
data/crawled/raw_images/1552_0.jpg,B,50.0,craft,서울과기대_craft,서울과기대,재현작,1552
data/crawled/raw_images/3420_0.jpg,A,82.0,design_general,한양대_design_general,한양대,재현작,3420
data/crawled/raw_images/815_0.jpg,A,79.5,design_general,이화여대_design_general,이화여대,평소작,815
data/crawled/raw_images/741_0.jpg,A,78.4,fine_art,중앙대_fine_art,중앙대,평소작,741
data/crawled/raw_images/3890_0.jpg,B,54.8,animation,청강대_animation,청강대,재현작,3890
data/crawled/raw_images/2136_0.jpg,B,55.2,industrial_design,가천대_industrial_design,가천대,재현작,2136
data/crawled/raw_images/2321_0.jpg,A,82.5,craft,성신여대_craft,성신여대,재현작,2321
data/crawled/raw_images/2878_0.png,B,64.6,design_general,인하대_design_general,인하대,재현작,2878
data/crawled/raw_images/1712_0.jpg,A,81.2,visual_design,건국대_visual_design,건국대,평소작,1712
data/crawled/raw_images/2273_0.jpg,B,66.3,craft,서울여대_craft,서울여대,재현작,2273
data/crawled/raw_images/544_0.jpg,A,74.4,visual_design,건국대_visual_design,건국대,평소작,544
data/crawled/raw_images/3771_0.png,B,65.1,fashion,인하대_fashion,인하대,재현작,3771
data/crawled/raw_images/743_0.jpg,A,83.1,fine_art,동국대_fine_art,동국대,평소작,743
data/crawled/raw_images/2213_0.jpg,B,54.3,visual_design,동덕여대_visual_design,동덕여대,재현작,2213
data/crawled/raw_images/549_0.jpg,C,48.6,industrial_design,서경대_industrial_design,서경대,평소작,549
data/crawled/raw_images/3340_0.jpeg,C,44.8,design_general,삼육대_design_general,삼육대,unknown,3340
data/crawled/raw_images/911_0.jpeg,B,52.0,visual_design,가천대_visual_design,가천대,평소작,911
data/crawled/raw_images/2992_0.jpg,B,58.0,animation,청강대_animation,청강대,평소작,2992
data/crawled/raw_images/955_0.jpg,B,54.5,animation,청강대_animation,청강대,평소작,955
data/crawled/raw_images/1470_0.jpg,A,70.3,craft,국민대_craft,국민대,재현작,1470
data/crawled/raw_images/2169_0.jpg,A,72.0,fine_art,경희대_fine_art,경희대,평소작,2169
data/crawled/raw_images/3610_0.jpg,A,67.6,fine_art,이화여대_fine_art,이화여대,평소작,3610
data/crawled/raw_images/1120_0.jpg,A,77.6,fine_art,성신여대_fine_art,성신여대,평소작,1120
data/crawled/raw_images/1765_0.jpg,B,67.3,visual_design,동덕여대_visual_design,동덕여대,재현작,1765
data/crawled/raw_images/2280_0.jpg,B,62.4,craft,서울과기대_craft,서울과기대,재현작,2280
data/crawled/raw_images/1392_0.jpg,A,69.7,visual_design,건국대_visual_design,건국대,재현작,1392
data/crawled/raw_images/1154_0.jpg,C,31.0,design_general,인천가톨릭대_design_general,인천가톨릭대,재현작,1154
data/crawled/raw_images/3396_0.jpg,B,62.4,visual_design,단국대_visual_design,단국대,평소작,3396
data/crawled/raw_images/3439_0.jpg,B,66.9,design_general,덕성여대_design_general,덕성여대,재현작,3439
data/crawled/raw_images/3392_0.jpg,B,60.6,craft,서울과기대_craft,서울과기대,재현작,3392
data/crawled/raw_images/1220_0.jpg,S,94.5,fine_art,서울대_fine_art,서울대,평소작,1220
data/crawled/raw_images/1870_0.jpg,B,63.0,visual_design,단국대_visual_design,단국대,평소작,1870
data/crawled/raw_images/2068_0.jpg,A,75.4,visual_design,건국대_visual_design,건국대,재현작,2068
data/crawled/raw_images/1048_0.jpg,A,67.0,visual_design,성균관대_visual_design,성균관대,평소작,1048
data/crawled/raw_images/888_0.jpeg,A,65.2,visual_design,국민대_visual_design,국민대,재현작,888
data/crawled/raw_images/2139_0.jpg,B,62.5,craft,단국대_craft,단국대,재현작,2139
data/crawled/raw_images/1331_0.jpg,A,65.3,fine_art,중앙대_fine_art,중앙대,평소작,1331
data/crawled/raw_images/825_0.jpg,A,79.0,visual_design,서울과기대_visual_design,서울과기대,재현작,825
data/crawled/raw_images/1009_0.jpg,A,70.6,fine_art,경희대_fine_art,경희대,평소작,1009
data/crawled/raw_images/470_0.jpg,A,77.9,fine_art,성신여대_fine_art,성신여대,평소작,470
data/crawled/raw_images/250_0.png,B,60.0,industrial_design,가천대_industrial_design,가천대,재현작,250
data/crawled/raw_images/2409_0.jpg,B,61.2,fashion,건국대_fashion,건국대,재현작,2409
data/crawled/raw_images/1455_0.jpg,B,49.6,industrial_design,서울과기대_industrial_design,서울과기대,평소작,1455
data/crawled/raw_images/3048_0.jpg,B,63.2,industrial_design,상명대_industrial_design,상명대,재현작,3048
data/crawled/raw_images/2191_0.jpg,A,77.5,visual_design,건국대_visual_design,건국대,평소작,2191
data/crawled/raw_images/2022_0.jpg,S,90.0,fine_art,서울대_fine_art,서울대,평소작,2022
data/crawled/raw_images/1527_0.jpg,B,54.2,fine_art,건국대_fine_art,건국대,평소작,1527
data/crawled/raw_images/2137_0.jpg,B,55.2,industrial_design,가천대_industrial_design,가천대,재현작,2137
data/crawled/raw_images/881_0.jpg,A,81.6,visual_design,건국대_visual_design,건국대,재현작,881
data/crawled/raw_images/3764_0.jpg,B,57.4,interior,숙명여대_interior,숙명여대,재현작,3764
data/crawled/raw_images/1782_0.jpg,B,62.0,industrial_design,서울과기대_industrial_design,서울과기대,재현작,1782
data/crawled/raw_images/3492_0.jpg,A,83.5,craft,성신여대_craft,성신여대,재현작,3492
data/crawled/raw_images/1336_0.jpg,A,65.9,fine_art,이화여대_fine_art,이화여대,평소작,1336
data/crawled/raw_images/2210_0.jpg,A,74.9,craft,숙명여대_craft,숙명여대,평소작,2210
data/crawled/raw_images/884_0.jpg,S,91.7,fine_art,서울대_fine_art,서울대,재현작,884
data/crawled/raw_images/453_0.jpg,C,45.6,design_general,백석대_design_general,백석대,평소작,453
data/crawled/raw_images/740_0.jpg,A,78.4,fine_art,중앙대_fine_art,중앙대,평소작,740
data/crawled/raw_images/2869_0.jpg,B,60.6,fashion,동덕여대_fashion,동덕여대,재현작,2869
data/crawled/raw_images/3734_0.jpg,A,67.6,visual_design,서울과기대_visual_design,서울과기대,재현작,3734
data/crawled/raw_images/230_0.png,B,48.2,sculpture,서울시립대_sculpture,서울시립대,평소작,230
data/crawled/raw_images/3851_0.jpeg,A,83.6,fine_art,경희대_fine_art,경희대,평소작,3851
data/crawled/raw_images/1772_0.jpg,A,79.7,industrial_design,건국대_industrial_design,건국대,재현작,1772
data/crawled/raw_images/1791_0.jpg,C,41.0,industrial_design,협성대_industrial_design,협성대,평소작,1791
data/crawled/raw_images/2110_0.jpg,A,72.0,fine_art,동국대_fine_art,동국대,평소작,2110
data/crawled/raw_images/1653_0.jpg,B,64.6,fashion,인하대_fashion,인하대,재현작,1653
data/crawled/raw_images/2186_0.jpg,A,71.8,design_general,홍익대_design_general,홍익대,평소작,2186
data/crawled/raw_images/1388_0.jpg,B,61.4,design_general,인하대_design_general,인하대,재현작,1388
data/crawled/raw_images/2948_0.jpg,C,48.0,design_general,수원대_design_general,수원대,재현작,2948
data/crawled/raw_images/3141_0.jpg,A,82.4,visual_design,건국대_visual_design,건국대,평소작,3141
data/crawled/raw_images/2034_0.jpg,B,50.4,design_general,상명대_design_general,상명대,평소작,2034
data/crawled/raw_images/3248_0.jpg,A,71.8,design_general,고려대_design_general,고려대,평소작,3248
data/crawled/raw_images/363_0.png,B,52.5,animation,청강대_animation,청강대,평소작,363
data/crawled/raw_images/2089_0.jpg,B,58.2,industrial_design,상명대_industrial_design,상명대,재현작,2089
data/crawled/raw_images/3129_0.jpg,B,55.3,craft,동덕여대_craft,동덕여대,평소작,3129
data/crawled/raw_images/3230_0.jpg,A,77.7,visual_design,건국대_visual_design,건국대,재현작,3230
data/crawled/raw_images/1559_0.jpg,B,53.6,fashion,동덕여대_fashion,동덕여대,재현작,1559
data/crawled/raw_images/2740_0.jpg,A,68.7,visual_design,건국대_visual_design,건국대,재현작,2740
data/crawled/raw_images/1787_0.jpg,B,62.2,craft,동덕여대_craft,동덕여대,평소작,1787
data/crawled/raw_images/697_0.jpg,B,58.7,design_general,상명대_design_general,상명대,평소작,697
data/crawled/raw_images/1573_0.jpg,B,48.4,visual_design,숙명여대_visual_design,숙명여대,재현작,1573
data/crawled/raw_images/2020_0.jpg,B,55.3,visual_design,단국대_visual_design,단국대,재현작,2020
data/crawled/raw_images/1714_0.jpg,B,67.3,visual_design,동덕여대_visual_design,동덕여대,평소작,1714
data/crawled/raw_images/2655_0.jpg,B,55.6,craft,단국대_craft,단국대,평소작,2655
data/crawled/raw_images/3100_0.jpg,B,56.4,interior,동덕여대_interior,동덕여대,재현작,3100
data/crawled/raw_images/2922_0.jpg,C,35.8,design_general,인천대_design_general,인천대,재현작,2922
data/crawled/raw_images/1724_0.jpg,B,62.2,craft,동덕여대_craft,동덕여대,재현작,1724
data/crawled/raw_images/1172_0.jpg,B,57.5,fine_art,건국대_fine_art,건국대,재현작,1172
data/crawled/raw_images/2654_0.jpg,B,51.1,interior,숙명여대_interior,숙명여대,재현작,2654
data/crawled/raw_images/3724_0.jpg,B,58.2,craft,단국대_craft,단국대,unknown,3724
data/crawled/raw_images/2793_0.jpg,B,50.5,visual_design,가천대_visual_design,가천대,평소작,2793
data/crawled/raw_images/2220_0.jpg,B,68.0,visual_design,서울여대_visual_design,서울여대,재현작,2220
data/crawled/raw_images/2641_0.jpg,A,68.5,industrial_design,중앙대_industrial_design,중앙대,재현작,2641
data/crawled/raw_images/799_0.jpg,A,83.1,visual_design,중앙대_visual_design,중앙대,재현작,799
data/crawled/raw_images/2971_0.jpg,B,58.6,fine_art,가천대_fine_art,가천대,평소작,2971
data/crawled/raw_images/3829_0.jpg,S,87.2,fine_art,서울대_fine_art,서울대,평소작,3829
data/crawled/raw_images/277_0.jpg,B,49.2,visual_design,숙명여대_visual_design,숙명여대,재현작,277
data/crawled/raw_images/2113_0.jpg,S,83.5,fine_art,서울대_fine_art,서울대,평소작,2113
data/crawled/raw_images/3500_0.jpg,B,58.8,design_general,상명대_design_general,상명대,재현작,3500
data/crawled/raw_images/594_0.jpg,A,68.4,fine_art,성신여대_fine_art,성신여대,평소작,594
data/crawled/raw_images/2267_0.jpg,B,58.9,interior,숙명여대_interior,숙명여대,재현작,2267
data/crawled/raw_images/3821_0.jpg,S,87.2,fine_art,서울대_fine_art,서울대,평소작,3821
data/crawled/raw_images/2146_0.jpg,A,74.9,craft,숙명여대_craft,숙명여대,재현작,2146
data/crawled/raw_images/440_0.jpg,B,64.8,industrial_design,상명대_industrial_design,상명대,평소작,440
data/crawled/raw_images/3680_0.jpg,A,74.7,fine_art,경희대_fine_art,경희대,unknown,3680
data/crawled/raw_images/1919_0.jpg,B,49.2,sculpture,서울시립대_sculpture,서울시립대,평소작,1919
data/crawled/raw_images/773_0.jpeg,A,78.4,fine_art,중앙대_fine_art,중앙대,재현작,773
data/crawled/raw_images/1555_0.jpg,B,55.5,industrial_design,가천대_industrial_design,가천대,재현작,1555
data/crawled/raw_images/638_0.jpg,B,49.8,fine_art,성균관대_fine_art,성균관대,평소작,638
data/crawled/raw_images/1300_0.jpg,B,66.2,visual_design,명지대_visual_design,명지대,재현작,1300
data/crawled/raw_images/2410_0.jpg,C,33.7,design_general,인천가톨릭대_design_general,인천가톨릭대,평소작,2410
data/crawled/raw_images/2291_0.jpg,A,81.5,visual_design,건국대_visual_design,건국대,재현작,2291
data/crawled/raw_images/1972_0.jpg,B,49.2,sculpture,서울시립대_sculpture,서울시립대,평소작,1972
data/crawled/raw_images/344_0.jpg,S,82.4,industrial_design,국민대_industrial_design,국민대,평소작,344
data/crawled/raw_images/3373_0.jpg,B,57.1,animation,청강대_animation,청강대,재현작,3373
data/crawled/raw_images/1969_0.jpg,B,58.0,craft,동덕여대_craft,동덕여대,재현작,1969
data/crawled/raw_images/1113_0.jpg,A,84.0,fine_art,경희대_fine_art,경희대,재현작,1113
data/crawled/raw_images/3754_0.jpg,A,72.0,design_general,연세대_design_general,연세대,재현작,3754
data/crawled/raw_images/1133_0.jpg,B,63.4,fashion,동덕여대_fashion,동덕여대,평소작,1133
data/crawled/raw_images/2257_0.jpg,A,76.5,fine_art,성신여대_fine_art,성신여대,평소작,2257
data/crawled/raw_images/1634_0.jpg,B,60.4,design_general,한성대_design_general,한성대,재현작,1634
data/crawled/raw_images/3278_0.jpg,A,83.8,industrial_design,경희대_industrial_design,경희대,재현작,3278
data/crawled/raw_images/1423_0.jpg,B,55.0,interior,숙명여대_interior,숙명여대,재현작,1423
data/crawled/raw_images/843_0.jpg,A,69.5,visual_design,한양대_visual_design,한양대,재현작,843
data/crawled/raw_images/2867_0.png,B,58.0,animation,청강대_animation,청강대,재현작,2867
data/crawled/raw_images/915_0.jpg,A,69.1,visual_design,한양대_visual_design,한양대,재현작,915
data/crawled/raw_images/3530_0.jpg,A,71.0,design_general,고려대_design_general,고려대,평소작,3530
data/crawled/raw_images/1044_0.jpg,B,62.6,design_general,경기대_design_general,경기대,평소작,1044
data/crawled/raw_images/315_0.jpg,A,71.7,design_general,고려대_design_general,고려대,평소작,315
data/crawled/raw_images/1314_0.jpg,A,72.7,industrial_design,건국대_industrial_design,건국대,재현작,1314
data/crawled/raw_images/3216_0.jpg,C,50.0,design_general,인천가톨릭대_design_general,인천가톨릭대,평소작,3216
data/crawled/raw_images/376_0.jpg,B,59.0,fashion,인하대_fashion,인하대,평소작,376
data/crawled/raw_images/434_0.jpg,B,53.0,fine_art,단국대_fine_art,단국대,평소작,434
data/crawled/raw_images/3493_0.jpg,A,83.1,industrial_design,경희대_industrial_design,경희대,재현작,3493
data/crawled/raw_images/1456_0.jpg,A,66.8,design_general,연세대_design_general,연세대,재현작,1456
data/crawled/raw_images/2162_0.jpg,A,73.6,visual_design,건국대_visual_design,건국대,재현작,2162
data/crawled/raw_images/504_0.jpg,S,84.4,industrial_design,국민대_industrial_design,국민대,평소작,504
data/crawled/raw_images/3713_0.png,C,44.8,design_general,삼육대_design_general,삼육대,재현작,3713
data/crawled/raw_images/2852_0.jpg,B,53.8,fine_art,단국대_fine_art,단국대,평소작,2852
data/crawled/raw_images/3543_0.png,B,48.0,visual_design,숙명여대_visual_design,숙명여대,재현작,3543
data/crawled/raw_images/1613_0.jpg,B,48.4,visual_design,숙명여대_visual_design,숙명여대,평소작,1613
data/crawled/raw_images/2573_0.jpg,C,36.8,visual_design,남서울대_visual_design,남서울대,재현작,2573
data/crawled/raw_images/3903_0.jpg,B,57.9,craft,서울과기대_craft,서울과기대,재현작,3903
data/crawled/raw_images/3137_0.jpg,A,72.6,visual_design,한양대_visual_design,한양대,재현작,3137
data/crawled/raw_images/2097_0.jpg,S,90.7,design_general,서울대_design_general,서울대,재현작,2097
data/crawled/raw_images/2044_0.jpg,S,95.9,fine_art,서울대_fine_art,서울대,평소작,2044
data/crawled/raw_images/2767_0.jpg,B,52.6,design_general,상명대_design_general,상명대,재현작,2767
data/crawled/raw_images/1382_0.jpg,B,51.8,animation,청강대_animation,청강대,평소작,1382
data/crawled/raw_images/2046_0.jpg,B,53.6,craft,단국대_craft,단국대,재현작,2046
data/crawled/raw_images/3429_0.jpg,B,65.3,craft,서울여대_craft,서울여대,재현작,3429
data/crawled/raw_images/1668_0.jpg,B,52.8,animation,청강대_animation,청강대,평소작,1668
data/crawled/raw_images/3236_0.png,S,88.8,fine_art,서울대_fine_art,서울대,평소작,3236
data/crawled/raw_images/1204_0.jpg,A,72.0,fine_art,성신여대_fine_art,성신여대,평소작,1204
data/crawled/raw_images/2801_0.jpg,B,57.0,industrial_design,서울여대_industrial_design,서울여대,평소작,2801
data/crawled/raw_images/956_0.jpg,B,58.1,craft,단국대_craft,단국대,평소작,956
data/crawled/raw_images/2613_0.jpg,A,73.4,design_general,고려대_design_general,고려대,재현작,2613
data/crawled/raw_images/683_0.jpg,C,46.2,visual_design,용인대_visual_design,용인대,평소작,683
data/crawled/raw_images/355_0.png,A,79.6,fine_art,성신여대_fine_art,성신여대,평소작,355
data/crawled/raw_images/2395_0.jpg,B,59.1,animation,청강대_animation,청강대,재현작,2395
data/crawled/raw_images/353_0.jpg,B,56.5,interior,동덕여대_interior,동덕여대,평소작,353
data/crawled/raw_images/3412_0.jpg,B,62.4,design_general,덕성여대_design_general,덕성여대,재현작,3412
data/crawled/raw_images/2831_0.png,A,75.6,visual_design,경희대_visual_design,경희대,재현작,2831
data/crawled/raw_images/3696_0.jpg,A,76.2,craft,중앙대_craft,중앙대,재현작,3696
data/crawled/raw_images/2456_0.jpg,B,57.6,fine_art,건국대_fine_art,건국대,재현작,2456
data/crawled/raw_images/2088_0.jpg,A,71.5,design_general,고려대_design_general,고려대,재현작,2088
data/crawled/raw_images/2374_0.jpg,C,36.8,visual_design,남서울대_visual_design,남서울대,재현작,2374
data/crawled/raw_images/364_0.png,A,71.7,design_general,고려대_design_general,고려대,재현작,364
data/crawled/raw_images/3598_0.jpg,A,76.1,sculpture,국민대_sculpture,국민대,평소작,3598
data/crawled/raw_images/2656_0.jpg,B,56.2,design_general,인하대_design_general,인하대,재현작,2656
data/crawled/raw_images/1741_0.jpg,B,60.2,animation,청강대_animation,청강대,재현작,1741
data/crawled/raw_images/3784_0.jpg,A,65.0,craft,국민대_craft,국민대,평소작,3784
data/crawled/raw_images/2950_0.jpg,A,82.3,craft,성신여대_craft,성신여대,평소작,2950
data/crawled/raw_images/1437_0.jpg,B,53.1,industrial_design,서울여대_industrial_design,서울여대,재현작,1437
data/crawled/raw_images/2559_0.jpg,C,33.5,design_general,인천대_design_general,인천대,재현작,2559
data/crawled/raw_images/2379_0.jpg,B,67.7,visual_design,서울여대_visual_design,서울여대,평소작,2379
data/crawled/raw_images/1906_0.jpg,A,75.2,visual_design,경희대_visual_design,경희대,평소작,1906
data/crawled/raw_images/2170_0.jpg,A,72.0,fine_art,이화여대_fine_art,이화여대,재현작,2170
data/crawled/raw_images/237_0.png,B,65.5,fashion,동덕여대_fashion,동덕여대,재현작,237
data/crawled/raw_images/2885_0.jpg,A,82.5,craft,성신여대_craft,성신여대,평소작,2885
data/crawled/raw_images/2317_0.jpg,C,36.8,visual_design,남서울대_visual_design,남서울대,재현작,2317
data/crawled/raw_images/312_0.jpg,B,68,animation,청강대_animation,청강대,재현작,312
data/crawled/raw_images/2377_0.jpg,B,57.8,design_general,상명대_design_general,상명대,평소작,2377
data/crawled/raw_images/2566_0.jpg,A,81.2,industrial_design,중앙대_industrial_design,중앙대,재현작,2566
data/crawled/raw_images/1356_0.jpg,A,66.0,fashion,국민대_fashion,국민대,재현작,1356
data/crawled/raw_images/560_0.jpeg,A,68.1,visual_design,한양대_visual_design,한양대,재현작,560
data/crawled/raw_images/2541_0.jpg,A,80.9,industrial_design,건국대_industrial_design,건국대,평소작,2541
data/crawled/raw_images/2824_0.jpg,A,73.5,craft,중앙대_craft,중앙대,재현작,2824
data/crawled/raw_images/2064_0.jpg,A,71.0,craft,국민대_craft,국민대,재현작,2064
data/crawled/raw_images/2487_0.jpg,B,64.4,design_general,한성대_design_general,한성대,재현작,2487
data/crawled/raw_images/2535_0.jpg,A,65.4,fashion,국민대_fashion,국민대,재현작,2535
data/crawled/raw_images/569_0.jpg,B,55.8,visual_design,동덕여대_visual_design,동덕여대,재현작,569
data/crawled/raw_images/1398_0.jpg,B,55.0,craft,단국대_craft,단국대,재현작,1398
data/crawled/raw_images/1046_0.jpg,A,78.9,visual_design,건국대_visual_design,건국대,재현작,1046
data/crawled/raw_images/2330_0.jpg,C,48.4,design_general,수원대_design_general,수원대,재현작,2330
data/crawled/raw_images/1493_0.jpg,S,90.9,design_general,서울대_design_general,서울대,재현작,1493
data/crawled/raw_images/1027_0.jpg,B,50.1,fine_art,성균관대_fine_art,성균관대,평소작,1027
data/crawled/raw_images/3783_0.jpg,A,76.3,design_general,홍익대_design_general,홍익대,평소작,3783
data/crawled/raw_images/660_0.jpg,B,49.8,fine_art,성균관대_fine_art,성균관대,평소작,660
data/crawled/raw_images/2009_0.jpg,B,52.8,craft,단국대_craft,단국대,재현작,2009
data/crawled/raw_images/2087_0.jpg,B,55.3,visual_design,단국대_visual_design,단국대,재현작,2087
data/crawled/raw_images/1733_0.jpg,B,67.0,interior,동덕여대_interior,동덕여대,재현작,1733
data/crawled/raw_images/1512_0.jpg,A,74.1,fine_art,동국대_fine_art,동국대,unknown,1512
